match,opponent,repetition,round,jev_action,opponent_action,jev_points,opponent_points,jev_total,opponent_total,initial_move,jev_action_source,opponent_action_source
1,cooperator,1,1,C,C,3,3,3,3,free,model,scripted
1,cooperator,1,2,C,C,3,3,6,6,free,model,scripted
1,cooperator,1,3,C,C,3,3,9,9,free,model,scripted
1,cooperator,1,4,C,C,3,3,12,12,free,model,scripted
1,cooperator,1,5,C,C,3,3,15,15,free,model,scripted
1,cooperator,1,6,C,C,3,3,18,18,free,model,scripted
1,cooperator,1,7,C,C,3,3,21,21,free,model,scripted
1,cooperator,1,8,C,C,3,3,24,24,free,model,scripted
1,cooperator,1,9,C,C,3,3,27,27,free,model,scripted
1,cooperator,1,10,C,C,3,3,30,30,free,model,scripted
1,cooperator,1,11,C,C,3,3,33,33,free,model,scripted
1,cooperator,1,12,C,C,3,3,36,36,free,model,scripted
1,cooperator,1,13,C,C,3,3,39,39,free,model,scripted
1,cooperator,1,14,C,C,3,3,42,42,free,model,scripted
1,cooperator,1,15,C,C,3,3,45,45,free,model,scripted
1,cooperator,1,16,C,C,3,3,48,48,free,model,scripted
1,cooperator,1,17,C,C,3,3,51,51,free,model,scripted
1,cooperator,1,18,C,C,3,3,54,54,free,model,scripted
1,cooperator,1,19,C,C,3,3,57,57,free,model,scripted
1,cooperator,1,20,C,C,3,3,60,60,free,model,scripted
2,defector,1,1,C,D,0,5,0,5,free,model,scripted
2,defector,1,2,D,D,1,1,1,6,free,model,scripted
2,defector,1,3,D,D,1,1,2,7,free,model,scripted
2,defector,1,4,D,D,1,1,3,8,free,model,scripted
2,defector,1,5,D,D,1,1,4,9,free,model,scripted
2,defector,1,6,D,D,1,1,5,10,free,model,scripted
2,defector,1,7,D,D,1,1,6,11,free,model,scripted
2,defector,1,8,D,D,1,1,7,12,free,model,scripted
2,defector,1,9,D,D,1,1,8,13,free,model,scripted
2,defector,1,10,D,D,1,1,9,14,free,model,scripted
2,defector,1,11,D,D,1,1,10,15,free,model,scripted
2,defector,1,12,D,D,1,1,11,16,free,model,scripted
2,defector,1,13,D,D,1,1,12,17,free,model,scripted
2,defector,1,14,D,D,1,1,13,18,free,model,scripted
2,defector,1,15,D,D,1,1,14,19,free,model,scripted
2,defector,1,16,D,D,1,1,15,20,free,model,scripted
2,defector,1,17,D,D,1,1,16,21,free,model,scripted
2,defector,1,18,D,D,1,1,17,22,free,model,scripted
2,defector,1,19,D,D,1,1,18,23,free,model,scripted
2,defector,1,20,D,D,1,1,19,24,free,model,scripted
3,random,1,1,D,C,5,0,5,0,free,model,scripted
3,random,1,2,D,D,1,1,6,1,free,model,scripted
3,random,1,3,D,C,5,0,11,1,free,model,scripted
3,random,1,4,D,C,5,0,16,1,free,model,scripted
3,random,1,5,D,C,5,0,21,1,free,model,scripted
3,random,1,6,D,C,5,0,26,1,free,model,scripted
3,random,1,7,D,C,5,0,31,1,free,model,scripted
3,random,1,8,D,C,5,0,36,1,free,model,scripted
3,random,1,9,D,C,5,0,41,1,free,model,scripted
3,random,1,10,D,C,5,0,46,1,free,model,scripted
3,random,1,11,D,C,5,0,51,1,free,model,scripted
3,random,1,12,D,C,5,0,56,1,free,model,scripted
3,random,1,13,D,C,5,0,61,1,free,model,scripted
3,random,1,14,D,D,1,1,62,2,free,model,scripted
3,random,1,15,D,C,5,0,67,2,free,model,scripted
3,random,1,16,D,C,5,0,72,2,free,model,scripted
3,random,1,17,D,C,5,0,77,2,free,model,scripted
3,random,1,18,D,C,5,0,82,2,free,model,scripted
3,random,1,19,D,C,5,0,87,2,free,model,scripted
3,random,1,20,D,D,1,1,88,3,free,model,scripted
4,tit_for_tat,1,1,D,C,5,0,5,0,free,model,scripted
4,tit_for_tat,1,2,D,D,1,1,6,1,free,model,scripted
4,tit_for_tat,1,3,D,D,1,1,7,2,free,model,scripted
4,tit_for_tat,1,4,D,D,1,1,8,3,free,model,scripted
4,tit_for_tat,1,5,D,D,1,1,9,4,free,model,scripted
4,tit_for_tat,1,6,D,D,1,1,10,5,free,model,scripted
4,tit_for_tat,1,7,D,D,1,1,11,6,free,model,scripted
4,tit_for_tat,1,8,D,D,1,1,12,7,free,model,scripted
4,tit_for_tat,1,9,D,D,1,1,13,8,free,model,scripted
4,tit_for_tat,1,10,D,D,1,1,14,9,free,model,scripted
4,tit_for_tat,1,11,D,D,1,1,15,10,free,model,scripted
4,tit_for_tat,1,12,D,D,1,1,16,11,free,model,scripted
4,tit_for_tat,1,13,D,D,1,1,17,12,free,model,scripted
4,tit_for_tat,1,14,D,D,1,1,18,13,free,model,scripted
4,tit_for_tat,1,15,D,D,1,1,19,14,free,model,scripted
4,tit_for_tat,1,16,D,D,1,1,20,15,free,model,scripted
4,tit_for_tat,1,17,D,D,1,1,21,16,free,model,scripted
4,tit_for_tat,1,18,D,D,1,1,22,17,free,model,scripted
4,tit_for_tat,1,19,D,D,1,1,23,18,free,model,scripted
4,tit_for_tat,1,20,D,D,1,1,24,19,free,model,scripted
5,tit_for_two_tats,1,1,C,C,3,3,3,3,free,model,scripted
5,tit_for_two_tats,1,2,C,C,3,3,6,6,free,model,scripted
5,tit_for_two_tats,1,3,C,C,3,3,9,9,free,model,scripted
5,tit_for_two_tats,1,4,C,C,3,3,12,12,free,model,scripted
5,tit_for_two_tats,1,5,C,C,3,3,15,15,free,model,scripted
5,tit_for_two_tats,1,6,C,C,3,3,18,18,free,model,scripted
5,tit_for_two_tats,1,7,C,C,3,3,21,21,free,model,scripted
5,tit_for_two_tats,1,8,C,C,3,3,24,24,free,model,scripted
5,tit_for_two_tats,1,9,C,C,3,3,27,27,free,model,scripted
5,tit_for_two_tats,1,10,C,C,3,3,30,30,free,model,scripted
5,tit_for_two_tats,1,11,C,C,3,3,33,33,free,model,scripted
5,tit_for_two_tats,1,12,C,C,3,3,36,36,free,model,scripted
5,tit_for_two_tats,1,13,C,C,3,3,39,39,free,model,scripted
5,tit_for_two_tats,1,14,C,C,3,3,42,42,free,model,scripted
5,tit_for_two_tats,1,15,C,C,3,3,45,45,free,model,scripted
5,tit_for_two_tats,1,16,C,C,3,3,48,48,free,model,scripted
5,tit_for_two_tats,1,17,C,C,3,3,51,51,free,model,scripted
5,tit_for_two_tats,1,18,C,C,3,3,54,54,free,model,scripted
5,tit_for_two_tats,1,19,C,C,3,3,57,57,free,model,scripted
5,tit_for_two_tats,1,20,C,C,3,3,60,60,free,model,scripted
6,grim,1,1,D,C,5,0,5,0,free,model,scripted
6,grim,1,2,D,D,1,1,6,1,free,model,scripted
6,grim,1,3,D,D,1,1,7,2,free,model,scripted
6,grim,1,4,D,D,1,1,8,3,free,model,scripted
6,grim,1,5,D,D,1,1,9,4,free,model,scripted
6,grim,1,6,D,D,1,1,10,5,free,model,scripted
6,grim,1,7,D,D,1,1,11,6,free,model,scripted
6,grim,1,8,D,D,1,1,12,7,free,model,scripted
6,grim,1,9,D,D,1,1,13,8,free,model,scripted
6,grim,1,10,D,D,1,1,14,9,free,model,scripted
6,grim,1,11,D,D,1,1,15,10,free,model,scripted
6,grim,1,12,D,D,1,1,16,11,free,model,scripted
6,grim,1,13,D,D,1,1,17,12,free,model,scripted
6,grim,1,14,D,D,1,1,18,13,free,model,scripted
6,grim,1,15,D,D,1,1,19,14,free,model,scripted
6,grim,1,16,D,D,1,1,20,15,free,model,scripted
6,grim,1,17,D,D,1,1,21,16,free,model,scripted
6,grim,1,18,D,D,1,1,22,17,free,model,scripted
6,grim,1,19,D,D,1,1,23,18,free,model,scripted
6,grim,1,20,D,D,1,1,24,19,free,model,scripted
7,pavlov,1,1,D,C,5,0,5,0,free,model,scripted
7,pavlov,1,2,D,D,1,1,6,1,free,model,scripted
7,pavlov,1,3,D,C,5,0,11,1,free,model,scripted
7,pavlov,1,4,D,D,1,1,12,2,free,model,scripted
7,pavlov,1,5,D,C,5,0,17,2,free,model,scripted
7,pavlov,1,6,D,D,1,1,18,3,free,model,scripted
7,pavlov,1,7,D,C,5,0,23,3,free,model,scripted
7,pavlov,1,8,D,D,1,1,24,4,free,model,scripted
7,pavlov,1,9,D,C,5,0,29,4,free,model,scripted
7,pavlov,1,10,D,D,1,1,30,5,free,model,scripted
7,pavlov,1,11,D,C,5,0,35,5,free,model,scripted
7,pavlov,1,12,D,D,1,1,36,6,free,model,scripted
7,pavlov,1,13,D,C,5,0,41,6,free,model,scripted
7,pavlov,1,14,D,D,1,1,42,7,free,model,scripted
7,pavlov,1,15,D,C,5,0,47,7,free,model,scripted
7,pavlov,1,16,D,D,1,1,48,8,free,model,scripted
7,pavlov,1,17,D,C,5,0,53,8,free,model,scripted
7,pavlov,1,18,D,D,1,1,54,9,free,model,scripted
7,pavlov,1,19,D,C,5,0,59,9,free,model,scripted
7,pavlov,1,20,D,D,1,1,60,10,free,model,scripted
8,another_jev,1,1,D,D,1,1,1,1,free,model,model
8,another_jev,1,2,D,D,1,1,2,2,free,model,model
8,another_jev,1,3,D,D,1,1,3,3,free,model,model
8,another_jev,1,4,D,D,1,1,4,4,free,model,model
8,another_jev,1,5,D,D,1,1,5,5,free,model,model
8,another_jev,1,6,D,D,1,1,6,6,free,model,model
8,another_jev,1,7,D,D,1,1,7,7,free,model,model
8,another_jev,1,8,D,D,1,1,8,8,free,model,model
8,another_jev,1,9,D,D,1,1,9,9,free,model,model
8,another_jev,1,10,D,D,1,1,10,10,free,model,model
8,another_jev,1,11,D,D,1,1,11,11,free,model,model
8,another_jev,1,12,D,D,1,1,12,12,free,model,model
8,another_jev,1,13,D,D,1,1,13,13,free,model,model
8,another_jev,1,14,D,D,1,1,14,14,free,model,model
8,another_jev,1,15,D,D,1,1,15,15,free,model,model
8,another_jev,1,16,D,D,1,1,16,16,free,model,model
8,another_jev,1,17,D,D,1,1,17,17,free,model,model
8,another_jev,1,18,D,D,1,1,18,18,free,model,model
8,another_jev,1,19,D,D,1,1,19,19,free,model,model
8,another_jev,1,20,D,D,1,1,20,20,free,model,model
9,cooperator,2,1,D,C,5,0,5,0,free,model,scripted
9,cooperator,2,2,D,C,5,0,10,0,free,model,scripted
9,cooperator,2,3,D,C,5,0,15,0,free,model,scripted
9,cooperator,2,4,D,C,5,0,20,0,free,model,scripted
9,cooperator,2,5,D,C,5,0,25,0,free,model,scripted
9,cooperator,2,6,D,C,5,0,30,0,free,model,scripted
9,cooperator,2,7,D,C,5,0,35,0,free,model,scripted
9,cooperator,2,8,D,C,5,0,40,0,free,model,scripted
9,cooperator,2,9,D,C,5,0,45,0,free,model,scripted
9,cooperator,2,10,D,C,5,0,50,0,free,model,scripted
9,cooperator,2,11,D,C,5,0,55,0,free,model,scripted
9,cooperator,2,12,D,C,5,0,60,0,free,model,scripted
9,cooperator,2,13,D,C,5,0,65,0,free,model,scripted
9,cooperator,2,14,D,C,5,0,70,0,free,model,scripted
9,cooperator,2,15,D,C,5,0,75,0,free,model,scripted
9,cooperator,2,16,D,C,5,0,80,0,free,model,scripted
9,cooperator,2,17,D,C,5,0,85,0,free,model,scripted
9,cooperator,2,18,D,C,5,0,90,0,free,model,scripted
9,cooperator,2,19,D,C,5,0,95,0,free,model,scripted
9,cooperator,2,20,D,C,5,0,100,0,free,model,scripted
10,defector,2,1,C,D,0,5,0,5,free,model,scripted
10,defector,2,2,D,D,1,1,1,6,free,model,scripted
10,defector,2,3,D,D,1,1,2,7,free,model,scripted
10,defector,2,4,D,D,1,1,3,8,free,model,scripted
10,defector,2,5,D,D,1,1,4,9,free,model,scripted
10,defector,2,6,D,D,1,1,5,10,free,model,scripted
10,defector,2,7,D,D,1,1,6,11,free,model,scripted
10,defector,2,8,D,D,1,1,7,12,free,model,scripted
10,defector,2,9,D,D,1,1,8,13,free,model,scripted
10,defector,2,10,D,D,1,1,9,14,free,model,scripted
10,defector,2,11,D,D,1,1,10,15,free,model,scripted
10,defector,2,12,D,D,1,1,11,16,free,model,scripted
10,defector,2,13,D,D,1,1,12,17,free,model,scripted
10,defector,2,14,D,D,1,1,13,18,free,model,scripted
10,defector,2,15,D,D,1,1,14,19,free,model,scripted
10,defector,2,16,D,D,1,1,15,20,free,model,scripted
10,defector,2,17,D,D,1,1,16,21,free,model,scripted
10,defector,2,18,D,D,1,1,17,22,free,model,scripted
10,defector,2,19,D,D,1,1,18,23,free,model,scripted
10,defector,2,20,D,D,1,1,19,24,free,model,scripted
11,random,2,1,C,D,0,5,0,5,free,model,scripted
11,random,2,2,D,C,5,0,5,5,free,model,scripted
11,random,2,3,D,C,5,0,10,5,free,model,scripted
11,random,2,4,D,C,5,0,15,5,free,model,scripted
11,random,2,5,D,D,1,1,16,6,free,model,scripted
11,random,2,6,D,D,1,1,17,7,free,model,scripted
11,random,2,7,D,D,1,1,18,8,free,model,scripted
11,random,2,8,D,C,5,0,23,8,free,model,scripted
11,random,2,9,D,D,1,1,24,9,free,model,scripted
11,random,2,10,D,D,1,1,25,10,free,model,scripted
11,random,2,11,D,D,1,1,26,11,free,model,scripted
11,random,2,12,D,D,1,1,27,12,free,model,scripted
11,random,2,13,D,C,5,0,32,12,free,model,scripted
11,random,2,14,D,D,1,1,33,13,free,model,scripted
11,random,2,15,D,C,5,0,38,13,free,model,scripted
11,random,2,16,D,D,1,1,39,14,free,model,scripted
11,random,2,17,D,C,5,0,44,14,free,model,scripted
11,random,2,18,D,C,5,0,49,14,free,model,scripted
11,random,2,19,D,D,1,1,50,15,free,model,scripted
11,random,2,20,D,C,5,0,55,15,free,model,scripted
12,tit_for_tat,2,1,D,C,5,0,5,0,free,model,scripted
12,tit_for_tat,2,2,D,D,1,1,6,1,free,model,scripted
12,tit_for_tat,2,3,D,D,1,1,7,2,free,model,scripted
12,tit_for_tat,2,4,D,D,1,1,8,3,free,model,scripted
12,tit_for_tat,2,5,D,D,1,1,9,4,free,model,scripted
12,tit_for_tat,2,6,D,D,1,1,10,5,free,model,scripted
12,tit_for_tat,2,7,D,D,1,1,11,6,free,model,scripted
12,tit_for_tat,2,8,D,D,1,1,12,7,free,model,scripted
12,tit_for_tat,2,9,D,D,1,1,13,8,free,model,scripted
12,tit_for_tat,2,10,D,D,1,1,14,9,free,model,scripted
12,tit_for_tat,2,11,D,D,1,1,15,10,free,model,scripted
12,tit_for_tat,2,12,D,D,1,1,16,11,free,model,scripted
12,tit_for_tat,2,13,D,D,1,1,17,12,free,model,scripted
12,tit_for_tat,2,14,D,D,1,1,18,13,free,model,scripted
12,tit_for_tat,2,15,D,D,1,1,19,14,free,model,scripted
12,tit_for_tat,2,16,D,D,1,1,20,15,free,model,scripted
12,tit_for_tat,2,17,D,D,1,1,21,16,free,model,scripted
12,tit_for_tat,2,18,D,D,1,1,22,17,free,model,scripted
12,tit_for_tat,2,19,D,D,1,1,23,18,free,model,scripted
12,tit_for_tat,2,20,D,D,1,1,24,19,free,model,scripted
13,tit_for_two_tats,2,1,D,C,5,0,5,0,free,model,scripted
13,tit_for_two_tats,2,2,D,C,5,0,10,0,free,model,scripted
13,tit_for_two_tats,2,3,D,D,1,1,11,1,free,model,scripted
13,tit_for_two_tats,2,4,D,D,1,1,12,2,free,model,scripted
13,tit_for_two_tats,2,5,D,D,1,1,13,3,free,model,scripted
13,tit_for_two_tats,2,6,D,D,1,1,14,4,free,model,scripted
13,tit_for_two_tats,2,7,D,D,1,1,15,5,free,model,scripted
13,tit_for_two_tats,2,8,D,D,1,1,16,6,free,model,scripted
13,tit_for_two_tats,2,9,D,D,1,1,17,7,free,model,scripted
13,tit_for_two_tats,2,10,D,D,1,1,18,8,free,model,scripted
13,tit_for_two_tats,2,11,D,D,1,1,19,9,free,model,scripted
13,tit_for_two_tats,2,12,D,D,1,1,20,10,free,model,scripted
13,tit_for_two_tats,2,13,D,D,1,1,21,11,free,model,scripted
13,tit_for_two_tats,2,14,D,D,1,1,22,12,free,model,scripted
13,tit_for_two_tats,2,15,D,D,1,1,23,13,free,model,scripted
13,tit_for_two_tats,2,16,D,D,1,1,24,14,free,model,scripted
13,tit_for_two_tats,2,17,D,D,1,1,25,15,free,model,scripted
13,tit_for_two_tats,2,18,D,D,1,1,26,16,free,model,scripted
13,tit_for_two_tats,2,19,D,D,1,1,27,17,free,model,scripted
13,tit_for_two_tats,2,20,D,D,1,1,28,18,free,model,scripted
14,grim,2,1,D,C,5,0,5,0,free,model,scripted
14,grim,2,2,D,D,1,1,6,1,free,model,scripted
14,grim,2,3,D,D,1,1,7,2,free,model,scripted
14,grim,2,4,D,D,1,1,8,3,free,model,scripted
14,grim,2,5,D,D,1,1,9,4,free,model,scripted
14,grim,2,6,D,D,1,1,10,5,free,model,scripted
14,grim,2,7,D,D,1,1,11,6,free,model,scripted
14,grim,2,8,D,D,1,1,12,7,free,model,scripted
14,grim,2,9,D,D,1,1,13,8,free,model,scripted
14,grim,2,10,D,D,1,1,14,9,free,model,scripted
14,grim,2,11,D,D,1,1,15,10,free,model,scripted
14,grim,2,12,D,D,1,1,16,11,free,model,scripted
14,grim,2,13,D,D,1,1,17,12,free,model,scripted
14,grim,2,14,D,D,1,1,18,13,free,model,scripted
14,grim,2,15,D,D,1,1,19,14,free,model,scripted
14,grim,2,16,D,D,1,1,20,15,free,model,scripted
14,grim,2,17,D,D,1,1,21,16,free,model,scripted
14,grim,2,18,D,D,1,1,22,17,free,model,scripted
14,grim,2,19,D,D,1,1,23,18,free,model,scripted
14,grim,2,20,D,D,1,1,24,19,free,model,scripted
15,pavlov,2,1,D,C,5,0,5,0,free,model,scripted
15,pavlov,2,2,D,D,1,1,6,1,free,model,scripted
15,pavlov,2,3,D,C,5,0,11,1,free,model,scripted
15,pavlov,2,4,D,D,1,1,12,2,free,model,scripted
15,pavlov,2,5,D,C,5,0,17,2,free,model,scripted
15,pavlov,2,6,D,D,1,1,18,3,free,model,scripted
15,pavlov,2,7,D,C,5,0,23,3,free,model,scripted
15,pavlov,2,8,D,D,1,1,24,4,free,model,scripted
15,pavlov,2,9,D,C,5,0,29,4,free,model,scripted
15,pavlov,2,10,D,D,1,1,30,5,free,model,scripted
15,pavlov,2,11,D,C,5,0,35,5,free,model,scripted
15,pavlov,2,12,D,D,1,1,36,6,free,model,scripted
15,pavlov,2,13,D,C,5,0,41,6,free,model,scripted
15,pavlov,2,14,D,D,1,1,42,7,free,model,scripted
15,pavlov,2,15,D,C,5,0,47,7,free,model,scripted
15,pavlov,2,16,D,D,1,1,48,8,free,model,scripted
15,pavlov,2,17,D,C,5,0,53,8,free,model,scripted
15,pavlov,2,18,D,D,1,1,54,9,free,model,scripted
15,pavlov,2,19,D,C,5,0,59,9,free,model,scripted
15,pavlov,2,20,D,D,1,1,60,10,free,model,scripted
16,another_jev,2,1,D,D,1,1,1,1,free,model,model
16,another_jev,2,2,D,D,1,1,2,2,free,model,model
16,another_jev,2,3,D,D,1,1,3,3,free,model,model
16,another_jev,2,4,D,D,1,1,4,4,free,model,model
16,another_jev,2,5,D,D,1,1,5,5,free,model,model
16,another_jev,2,6,D,D,1,1,6,6,free,model,model
16,another_jev,2,7,D,D,1,1,7,7,free,model,model
16,another_jev,2,8,D,D,1,1,8,8,free,model,model
16,another_jev,2,9,D,D,1,1,9,9,free,model,model
16,another_jev,2,10,D,D,1,1,10,10,free,model,model
16,another_jev,2,11,D,D,1,1,11,11,free,model,model
16,another_jev,2,12,D,D,1,1,12,12,free,model,model
16,another_jev,2,13,D,D,1,1,13,13,free,model,model
16,another_jev,2,14,D,D,1,1,14,14,free,model,model
16,another_jev,2,15,D,D,1,1,15,15,free,model,model
16,another_jev,2,16,D,D,1,1,16,16,free,model,model
16,another_jev,2,17,D,D,1,1,17,17,free,model,model
16,another_jev,2,18,D,D,1,1,18,18,free,model,model
16,another_jev,2,19,D,D,1,1,19,19,free,model,model
16,another_jev,2,20,D,D,1,1,20,20,free,model,model
17,cooperator,3,1,D,C,5,0,5,0,free,model,scripted
17,cooperator,3,2,D,C,5,0,10,0,free,model,scripted
17,cooperator,3,3,D,C,5,0,15,0,free,model,scripted
17,cooperator,3,4,D,C,5,0,20,0,free,model,scripted
17,cooperator,3,5,D,C,5,0,25,0,free,model,scripted
17,cooperator,3,6,D,C,5,0,30,0,free,model,scripted
17,cooperator,3,7,D,C,5,0,35,0,free,model,scripted
17,cooperator,3,8,D,C,5,0,40,0,free,model,scripted
17,cooperator,3,9,D,C,5,0,45,0,free,model,scripted
17,cooperator,3,10,D,C,5,0,50,0,free,model,scripted
17,cooperator,3,11,D,C,5,0,55,0,free,model,scripted
17,cooperator,3,12,D,C,5,0,60,0,free,model,scripted
17,cooperator,3,13,D,C,5,0,65,0,free,model,scripted
17,cooperator,3,14,D,C,5,0,70,0,free,model,scripted
17,cooperator,3,15,D,C,5,0,75,0,free,model,scripted
17,cooperator,3,16,D,C,5,0,80,0,free,model,scripted
17,cooperator,3,17,D,C,5,0,85,0,free,model,scripted
17,cooperator,3,18,D,C,5,0,90,0,free,model,scripted
17,cooperator,3,19,D,C,5,0,95,0,free,model,scripted
17,cooperator,3,20,D,C,5,0,100,0,free,model,scripted
18,defector,3,1,C,D,0,5,0,5,free,model,scripted
18,defector,3,2,D,D,1,1,1,6,free,model,scripted
18,defector,3,3,D,D,1,1,2,7,free,model,scripted
18,defector,3,4,D,D,1,1,3,8,free,model,scripted
18,defector,3,5,D,D,1,1,4,9,free,model,scripted
18,defector,3,6,D,D,1,1,5,10,free,model,scripted
18,defector,3,7,D,D,1,1,6,11,free,model,scripted
18,defector,3,8,D,D,1,1,7,12,free,model,scripted
18,defector,3,9,D,D,1,1,8,13,free,model,scripted
18,defector,3,10,D,D,1,1,9,14,free,model,scripted
18,defector,3,11,D,D,1,1,10,15,free,model,scripted
18,defector,3,12,D,D,1,1,11,16,free,model,scripted
18,defector,3,13,D,D,1,1,12,17,free,model,scripted
18,defector,3,14,D,D,1,1,13,18,free,model,scripted
18,defector,3,15,D,D,1,1,14,19,free,model,scripted
18,defector,3,16,D,D,1,1,15,20,free,model,scripted
18,defector,3,17,D,D,1,1,16,21,free,model,scripted
18,defector,3,18,D,D,1,1,17,22,free,model,scripted
18,defector,3,19,D,D,1,1,18,23,free,model,scripted
18,defector,3,20,D,D,1,1,19,24,free,model,scripted
19,random,3,1,D,D,1,1,1,1,free,model,scripted
19,random,3,2,D,D,1,1,2,2,free,model,scripted
19,random,3,3,D,C,5,0,7,2,free,model,scripted
19,random,3,4,D,D,1,1,8,3,free,model,scripted
19,random,3,5,D,C,5,0,13,3,free,model,scripted
19,random,3,6,D,D,1,1,14,4,free,model,scripted
19,random,3,7,D,D,1,1,15,5,free,model,scripted
19,random,3,8,D,D,1,1,16,6,free,model,scripted
19,random,3,9,D,C,5,0,21,6,free,model,scripted
19,random,3,10,D,C,5,0,26,6,free,model,scripted
19,random,3,11,D,D,1,1,27,7,free,model,scripted
19,random,3,12,D,D,1,1,28,8,free,model,scripted
19,random,3,13,D,C,5,0,33,8,free,model,scripted
19,random,3,14,D,D,1,1,34,9,free,model,scripted
19,random,3,15,D,D,1,1,35,10,free,model,scripted
19,random,3,16,D,C,5,0,40,10,free,model,scripted
19,random,3,17,D,D,1,1,41,11,free,model,scripted
19,random,3,18,D,D,1,1,42,12,free,model,scripted
19,random,3,19,D,D,1,1,43,13,free,model,scripted
19,random,3,20,D,C,5,0,48,13,free,model,scripted
20,tit_for_tat,3,1,D,C,5,0,5,0,free,model,scripted
20,tit_for_tat,3,2,D,D,1,1,6,1,free,model,scripted
20,tit_for_tat,3,3,D,D,1,1,7,2,free,model,scripted
20,tit_for_tat,3,4,D,D,1,1,8,3,free,model,scripted
20,tit_for_tat,3,5,D,D,1,1,9,4,free,model,scripted
20,tit_for_tat,3,6,D,D,1,1,10,5,free,model,scripted
20,tit_for_tat,3,7,D,D,1,1,11,6,free,model,scripted
20,tit_for_tat,3,8,D,D,1,1,12,7,free,model,scripted
20,tit_for_tat,3,9,D,D,1,1,13,8,free,model,scripted
20,tit_for_tat,3,10,D,D,1,1,14,9,free,model,scripted
20,tit_for_tat,3,11,D,D,1,1,15,10,free,model,scripted
20,tit_for_tat,3,12,D,D,1,1,16,11,free,model,scripted
20,tit_for_tat,3,13,D,D,1,1,17,12,free,model,scripted
20,tit_for_tat,3,14,D,D,1,1,18,13,free,model,scripted
20,tit_for_tat,3,15,D,D,1,1,19,14,free,model,scripted
20,tit_for_tat,3,16,D,D,1,1,20,15,free,model,scripted
20,tit_for_tat,3,17,D,D,1,1,21,16,free,model,scripted
20,tit_for_tat,3,18,D,D,1,1,22,17,free,model,scripted
20,tit_for_tat,3,19,D,D,1,1,23,18,free,model,scripted
20,tit_for_tat,3,20,D,D,1,1,24,19,free,model,scripted
21,tit_for_two_tats,3,1,D,C,5,0,5,0,free,model,scripted
21,tit_for_two_tats,3,2,D,C,5,0,10,0,free,model,scripted
21,tit_for_two_tats,3,3,D,D,1,1,11,1,free,model,scripted
21,tit_for_two_tats,3,4,D,D,1,1,12,2,free,model,scripted
21,tit_for_two_tats,3,5,D,D,1,1,13,3,free,model,scripted
21,tit_for_two_tats,3,6,D,D,1,1,14,4,free,model,scripted
21,tit_for_two_tats,3,7,D,D,1,1,15,5,free,model,scripted
21,tit_for_two_tats,3,8,D,D,1,1,16,6,free,model,scripted
21,tit_for_two_tats,3,9,D,D,1,1,17,7,free,model,scripted
21,tit_for_two_tats,3,10,D,D,1,1,18,8,free,model,scripted
21,tit_for_two_tats,3,11,D,D,1,1,19,9,free,model,scripted
21,tit_for_two_tats,3,12,D,D,1,1,20,10,free,model,scripted
21,tit_for_two_tats,3,13,D,D,1,1,21,11,free,model,scripted
21,tit_for_two_tats,3,14,D,D,1,1,22,12,free,model,scripted
21,tit_for_two_tats,3,15,D,D,1,1,23,13,free,model,scripted
21,tit_for_two_tats,3,16,D,D,1,1,24,14,free,model,scripted
21,tit_for_two_tats,3,17,D,D,1,1,25,15,free,model,scripted
21,tit_for_two_tats,3,18,D,D,1,1,26,16,free,model,scripted
21,tit_for_two_tats,3,19,D,D,1,1,27,17,free,model,scripted
21,tit_for_two_tats,3,20,D,D,1,1,28,18,free,model,scripted
22,grim,3,1,C,C,3,3,3,3,free,model,scripted
22,grim,3,2,C,C,3,3,6,6,free,model,scripted
22,grim,3,3,C,C,3,3,9,9,free,model,scripted
22,grim,3,4,C,C,3,3,12,12,free,model,scripted
22,grim,3,5,C,C,3,3,15,15,free,model,scripted
22,grim,3,6,C,C,3,3,18,18,free,model,scripted
22,grim,3,7,C,C,3,3,21,21,free,model,scripted
22,grim,3,8,C,C,3,3,24,24,free,model,scripted
22,grim,3,9,C,C,3,3,27,27,free,model,scripted
22,grim,3,10,C,C,3,3,30,30,free,model,scripted
22,grim,3,11,C,C,3,3,33,33,free,model,scripted
22,grim,3,12,C,C,3,3,36,36,free,model,scripted
22,grim,3,13,C,C,3,3,39,39,free,model,scripted
22,grim,3,14,C,C,3,3,42,42,free,model,scripted
22,grim,3,15,C,C,3,3,45,45,free,model,scripted
22,grim,3,16,C,C,3,3,48,48,free,model,scripted
22,grim,3,17,C,C,3,3,51,51,free,model,scripted
22,grim,3,18,C,C,3,3,54,54,free,model,scripted
22,grim,3,19,C,C,3,3,57,57,free,model,scripted
22,grim,3,20,C,C,3,3,60,60,free,model,scripted
23,pavlov,3,1,D,C,5,0,5,0,free,model,scripted
23,pavlov,3,2,D,D,1,1,6,1,free,model,scripted
23,pavlov,3,3,D,C,5,0,11,1,free,model,scripted
23,pavlov,3,4,D,D,1,1,12,2,free,model,scripted
23,pavlov,3,5,D,C,5,0,17,2,free,model,scripted
23,pavlov,3,6,D,D,1,1,18,3,free,model,scripted
23,pavlov,3,7,D,C,5,0,23,3,free,model,scripted
23,pavlov,3,8,D,D,1,1,24,4,free,model,scripted
23,pavlov,3,9,D,C,5,0,29,4,free,model,scripted
23,pavlov,3,10,D,D,1,1,30,5,free,model,scripted
23,pavlov,3,11,D,C,5,0,35,5,free,model,scripted
23,pavlov,3,12,D,D,1,1,36,6,free,model,scripted
23,pavlov,3,13,D,C,5,0,41,6,free,model,scripted
23,pavlov,3,14,D,D,1,1,42,7,free,model,scripted
23,pavlov,3,15,D,C,5,0,47,7,free,model,scripted
23,pavlov,3,16,D,D,1,1,48,8,free,model,scripted
23,pavlov,3,17,D,C,5,0,53,8,free,model,scripted
23,pavlov,3,18,D,D,1,1,54,9,free,model,scripted
23,pavlov,3,19,D,C,5,0,59,9,free,model,scripted
23,pavlov,3,20,D,D,1,1,60,10,free,model,scripted
24,another_jev,3,1,D,C,5,0,5,0,free,model,model
24,another_jev,3,2,D,D,1,1,6,1,free,model,model
24,another_jev,3,3,D,D,1,1,7,2,free,model,model
24,another_jev,3,4,D,D,1,1,8,3,free,model,model
24,another_jev,3,5,D,D,1,1,9,4,free,model,model
24,another_jev,3,6,D,D,1,1,10,5,free,model,model
24,another_jev,3,7,D,D,1,1,11,6,free,model,model
24,another_jev,3,8,D,D,1,1,12,7,free,model,model
24,another_jev,3,9,D,D,1,1,13,8,free,model,model
24,another_jev,3,10,D,D,1,1,14,9,free,model,model
24,another_jev,3,11,D,D,1,1,15,10,free,model,model
24,another_jev,3,12,D,D,1,1,16,11,free,model,model
24,another_jev,3,13,D,D,1,1,17,12,free,model,model
24,another_jev,3,14,D,D,1,1,18,13,free,model,model
24,another_jev,3,15,D,D,1,1,19,14,free,model,model
24,another_jev,3,16,D,D,1,1,20,15,free,model,model
24,another_jev,3,17,D,D,1,1,21,16,free,model,model
24,another_jev,3,18,D,D,1,1,22,17,free,model,model
24,another_jev,3,19,D,D,1,1,23,18,free,model,model
24,another_jev,3,20,D,D,1,1,24,19,free,model,model
25,cooperator,4,1,C,C,3,3,3,3,free,model,scripted
25,cooperator,4,2,C,C,3,3,6,6,free,model,scripted
25,cooperator,4,3,C,C,3,3,9,9,free,model,scripted
25,cooperator,4,4,C,C,3,3,12,12,free,model,scripted
25,cooperator,4,5,C,C,3,3,15,15,free,model,scripted
25,cooperator,4,6,C,C,3,3,18,18,free,model,scripted
25,cooperator,4,7,C,C,3,3,21,21,free,model,scripted
25,cooperator,4,8,C,C,3,3,24,24,free,model,scripted
25,cooperator,4,9,C,C,3,3,27,27,free,model,scripted
25,cooperator,4,10,C,C,3,3,30,30,free,model,scripted
25,cooperator,4,11,C,C,3,3,33,33,free,model,scripted
25,cooperator,4,12,C,C,3,3,36,36,free,model,scripted
25,cooperator,4,13,C,C,3,3,39,39,free,model,scripted
25,cooperator,4,14,C,C,3,3,42,42,free,model,scripted
25,cooperator,4,15,C,C,3,3,45,45,free,model,scripted
25,cooperator,4,16,C,C,3,3,48,48,free,model,scripted
25,cooperator,4,17,C,C,3,3,51,51,free,model,scripted
25,cooperator,4,18,C,C,3,3,54,54,free,model,scripted
25,cooperator,4,19,C,C,3,3,57,57,free,model,scripted
25,cooperator,4,20,C,C,3,3,60,60,free,model,scripted
26,defector,4,1,D,D,1,1,1,1,free,model,scripted
26,defector,4,2,D,D,1,1,2,2,free,model,scripted
26,defector,4,3,D,D,1,1,3,3,free,model,scripted
26,defector,4,4,D,D,1,1,4,4,free,model,scripted
26,defector,4,5,D,D,1,1,5,5,free,model,scripted
26,defector,4,6,D,D,1,1,6,6,free,model,scripted
26,defector,4,7,D,D,1,1,7,7,free,model,scripted
26,defector,4,8,D,D,1,1,8,8,free,model,scripted
26,defector,4,9,D,D,1,1,9,9,free,model,scripted
26,defector,4,10,D,D,1,1,10,10,free,model,scripted
26,defector,4,11,D,D,1,1,11,11,free,model,scripted
26,defector,4,12,D,D,1,1,12,12,free,model,scripted
26,defector,4,13,D,D,1,1,13,13,free,model,scripted
26,defector,4,14,D,D,1,1,14,14,free,model,scripted
26,defector,4,15,D,D,1,1,15,15,free,model,scripted
26,defector,4,16,D,D,1,1,16,16,free,model,scripted
26,defector,4,17,D,D,1,1,17,17,free,model,scripted
26,defector,4,18,D,D,1,1,18,18,free,model,scripted
26,defector,4,19,D,D,1,1,19,19,free,model,scripted
26,defector,4,20,D,D,1,1,20,20,free,model,scripted
27,random,4,1,D,D,1,1,1,1,free,model,scripted
27,random,4,2,D,C,5,0,6,1,free,model,scripted
27,random,4,3,D,D,1,1,7,2,free,model,scripted
27,random,4,4,D,C,5,0,12,2,free,model,scripted
27,random,4,5,D,C,5,0,17,2,free,model,scripted
27,random,4,6,D,C,5,0,22,2,free,model,scripted
27,random,4,7,D,D,1,1,23,3,free,model,scripted
27,random,4,8,D,D,1,1,24,4,free,model,scripted
27,random,4,9,D,C,5,0,29,4,free,model,scripted
27,random,4,10,D,C,5,0,34,4,free,model,scripted
27,random,4,11,D,D,1,1,35,5,free,model,scripted
27,random,4,12,D,D,1,1,36,6,free,model,scripted
27,random,4,13,D,D,1,1,37,7,free,model,scripted
27,random,4,14,D,D,1,1,38,8,free,model,scripted
27,random,4,15,D,D,1,1,39,9,free,model,scripted
27,random,4,16,D,D,1,1,40,10,free,model,scripted
27,random,4,17,D,D,1,1,41,11,free,model,scripted
27,random,4,18,D,C,5,0,46,11,free,model,scripted
27,random,4,19,D,C,5,0,51,11,free,model,scripted
27,random,4,20,D,C,5,0,56,11,free,model,scripted
28,tit_for_tat,4,1,D,C,5,0,5,0,free,model,scripted
28,tit_for_tat,4,2,D,D,1,1,6,1,free,model,scripted
28,tit_for_tat,4,3,D,D,1,1,7,2,free,model,scripted
28,tit_for_tat,4,4,D,D,1,1,8,3,free,model,scripted
28,tit_for_tat,4,5,D,D,1,1,9,4,free,model,scripted
28,tit_for_tat,4,6,D,D,1,1,10,5,free,model,scripted
28,tit_for_tat,4,7,D,D,1,1,11,6,free,model,scripted
28,tit_for_tat,4,8,D,D,1,1,12,7,free,model,scripted
28,tit_for_tat,4,9,D,D,1,1,13,8,free,model,scripted
28,tit_for_tat,4,10,D,D,1,1,14,9,free,model,scripted
28,tit_for_tat,4,11,D,D,1,1,15,10,free,model,scripted
28,tit_for_tat,4,12,D,D,1,1,16,11,free,model,scripted
28,tit_for_tat,4,13,D,D,1,1,17,12,free,model,scripted
28,tit_for_tat,4,14,D,D,1,1,18,13,free,model,scripted
28,tit_for_tat,4,15,D,D,1,1,19,14,free,model,scripted
28,tit_for_tat,4,16,D,D,1,1,20,15,free,model,scripted
28,tit_for_tat,4,17,D,D,1,1,21,16,free,model,scripted
28,tit_for_tat,4,18,D,D,1,1,22,17,free,model,scripted
28,tit_for_tat,4,19,D,D,1,1,23,18,free,model,scripted
28,tit_for_tat,4,20,D,D,1,1,24,19,free,model,scripted
29,tit_for_two_tats,4,1,D,C,5,0,5,0,free,model,scripted
29,tit_for_two_tats,4,2,D,C,5,0,10,0,free,model,scripted
29,tit_for_two_tats,4,3,D,D,1,1,11,1,free,model,scripted
29,tit_for_two_tats,4,4,D,D,1,1,12,2,free,model,scripted
29,tit_for_two_tats,4,5,D,D,1,1,13,3,free,model,scripted
29,tit_for_two_tats,4,6,D,D,1,1,14,4,free,model,scripted
29,tit_for_two_tats,4,7,D,D,1,1,15,5,free,model,scripted
29,tit_for_two_tats,4,8,D,D,1,1,16,6,free,model,scripted
29,tit_for_two_tats,4,9,D,D,1,1,17,7,free,model,scripted
29,tit_for_two_tats,4,10,D,D,1,1,18,8,free,model,scripted
29,tit_for_two_tats,4,11,D,D,1,1,19,9,free,model,scripted
29,tit_for_two_tats,4,12,D,D,1,1,20,10,free,model,scripted
29,tit_for_two_tats,4,13,D,D,1,1,21,11,free,model,scripted
29,tit_for_two_tats,4,14,D,D,1,1,22,12,free,model,scripted
29,tit_for_two_tats,4,15,D,D,1,1,23,13,free,model,scripted
29,tit_for_two_tats,4,16,D,D,1,1,24,14,free,model,scripted
29,tit_for_two_tats,4,17,D,D,1,1,25,15,free,model,scripted
29,tit_for_two_tats,4,18,D,D,1,1,26,16,free,model,scripted
29,tit_for_two_tats,4,19,D,D,1,1,27,17,free,model,scripted
29,tit_for_two_tats,4,20,D,D,1,1,28,18,free,model,scripted
30,grim,4,1,D,C,5,0,5,0,free,model,scripted
30,grim,4,2,D,D,1,1,6,1,free,model,scripted
30,grim,4,3,D,D,1,1,7,2,free,model,scripted
30,grim,4,4,D,D,1,1,8,3,free,model,scripted
30,grim,4,5,D,D,1,1,9,4,free,model,scripted
30,grim,4,6,D,D,1,1,10,5,free,model,scripted
30,grim,4,7,D,D,1,1,11,6,free,model,scripted
30,grim,4,8,D,D,1,1,12,7,free,model,scripted
30,grim,4,9,D,D,1,1,13,8,free,model,scripted
30,grim,4,10,D,D,1,1,14,9,free,model,scripted
30,grim,4,11,D,D,1,1,15,10,free,model,scripted
30,grim,4,12,D,D,1,1,16,11,free,model,scripted
30,grim,4,13,D,D,1,1,17,12,free,model,scripted
30,grim,4,14,D,D,1,1,18,13,free,model,scripted
30,grim,4,15,D,D,1,1,19,14,free,model,scripted
30,grim,4,16,D,D,1,1,20,15,free,model,scripted
30,grim,4,17,D,D,1,1,21,16,free,model,scripted
30,grim,4,18,D,D,1,1,22,17,free,model,scripted
30,grim,4,19,D,D,1,1,23,18,free,model,scripted
30,grim,4,20,D,D,1,1,24,19,free,model,scripted
31,pavlov,4,1,D,C,5,0,5,0,free,model,scripted
31,pavlov,4,2,D,D,1,1,6,1,free,model,scripted
31,pavlov,4,3,D,C,5,0,11,1,free,model,scripted
31,pavlov,4,4,D,D,1,1,12,2,free,model,scripted
31,pavlov,4,5,D,C,5,0,17,2,free,model,scripted
31,pavlov,4,6,D,D,1,1,18,3,free,model,scripted
31,pavlov,4,7,D,C,5,0,23,3,free,model,scripted
31,pavlov,4,8,D,D,1,1,24,4,free,model,scripted
31,pavlov,4,9,D,C,5,0,29,4,free,model,scripted
31,pavlov,4,10,D,D,1,1,30,5,free,model,scripted
31,pavlov,4,11,D,C,5,0,35,5,free,model,scripted
31,pavlov,4,12,D,D,1,1,36,6,free,model,scripted
31,pavlov,4,13,D,C,5,0,41,6,free,model,scripted
31,pavlov,4,14,D,D,1,1,42,7,free,model,scripted
31,pavlov,4,15,D,C,5,0,47,7,free,model,scripted
31,pavlov,4,16,D,D,1,1,48,8,free,model,scripted
31,pavlov,4,17,D,C,5,0,53,8,free,model,scripted
31,pavlov,4,18,D,D,1,1,54,9,free,model,scripted
31,pavlov,4,19,D,C,5,0,59,9,free,model,scripted
31,pavlov,4,20,D,D,1,1,60,10,free,model,scripted
32,another_jev,4,1,C,D,0,5,0,5,free,model,model
32,another_jev,4,2,D,D,1,1,1,6,free,model,model
32,another_jev,4,3,D,D,1,1,2,7,free,model,model
32,another_jev,4,4,D,D,1,1,3,8,free,model,model
32,another_jev,4,5,D,D,1,1,4,9,free,model,model
32,another_jev,4,6,D,D,1,1,5,10,free,model,model
32,another_jev,4,7,D,D,1,1,6,11,free,model,model
32,another_jev,4,8,D,D,1,1,7,12,free,model,model
32,another_jev,4,9,D,D,1,1,8,13,free,model,model
32,another_jev,4,10,D,D,1,1,9,14,free,model,model
32,another_jev,4,11,D,D,1,1,10,15,free,model,model
32,another_jev,4,12,D,D,1,1,11,16,free,model,model
32,another_jev,4,13,D,D,1,1,12,17,free,model,model
32,another_jev,4,14,D,D,1,1,13,18,free,model,model
32,another_jev,4,15,D,D,1,1,14,19,free,model,model
32,another_jev,4,16,D,D,1,1,15,20,free,model,model
32,another_jev,4,17,D,D,1,1,16,21,free,model,model
32,another_jev,4,18,D,D,1,1,17,22,free,model,model
32,another_jev,4,19,D,D,1,1,18,23,free,model,model
32,another_jev,4,20,D,D,1,1,19,24,free,model,model
33,cooperator,5,1,D,C,5,0,5,0,free,model,scripted
33,cooperator,5,2,D,C,5,0,10,0,free,model,scripted
33,cooperator,5,3,D,C,5,0,15,0,free,model,scripted
33,cooperator,5,4,D,C,5,0,20,0,free,model,scripted
33,cooperator,5,5,D,C,5,0,25,0,free,model,scripted
33,cooperator,5,6,D,C,5,0,30,0,free,model,scripted
33,cooperator,5,7,D,C,5,0,35,0,free,model,scripted
33,cooperator,5,8,D,C,5,0,40,0,free,model,scripted
33,cooperator,5,9,D,C,5,0,45,0,free,model,scripted
33,cooperator,5,10,D,C,5,0,50,0,free,model,scripted
33,cooperator,5,11,D,C,5,0,55,0,free,model,scripted
33,cooperator,5,12,D,C,5,0,60,0,free,model,scripted
33,cooperator,5,13,D,C,5,0,65,0,free,model,scripted
33,cooperator,5,14,D,C,5,0,70,0,free,model,scripted
33,cooperator,5,15,D,C,5,0,75,0,free,model,scripted
33,cooperator,5,16,D,C,5,0,80,0,free,model,scripted
33,cooperator,5,17,D,C,5,0,85,0,free,model,scripted
33,cooperator,5,18,D,C,5,0,90,0,free,model,scripted
33,cooperator,5,19,D,C,5,0,95,0,free,model,scripted
33,cooperator,5,20,D,C,5,0,100,0,free,model,scripted
34,defector,5,1,D,D,1,1,1,1,free,model,scripted
34,defector,5,2,D,D,1,1,2,2,free,model,scripted
34,defector,5,3,D,D,1,1,3,3,free,model,scripted
34,defector,5,4,D,D,1,1,4,4,free,model,scripted
34,defector,5,5,D,D,1,1,5,5,free,model,scripted
34,defector,5,6,D,D,1,1,6,6,free,model,scripted
34,defector,5,7,D,D,1,1,7,7,free,model,scripted
34,defector,5,8,D,D,1,1,8,8,free,model,scripted
34,defector,5,9,D,D,1,1,9,9,free,model,scripted
34,defector,5,10,D,D,1,1,10,10,free,model,scripted
34,defector,5,11,D,D,1,1,11,11,free,model,scripted
34,defector,5,12,D,D,1,1,12,12,free,model,scripted
34,defector,5,13,D,D,1,1,13,13,free,model,scripted
34,defector,5,14,D,D,1,1,14,14,free,model,scripted
34,defector,5,15,D,D,1,1,15,15,free,model,scripted
34,defector,5,16,D,D,1,1,16,16,free,model,scripted
34,defector,5,17,D,D,1,1,17,17,free,model,scripted
34,defector,5,18,D,D,1,1,18,18,free,model,scripted
34,defector,5,19,D,D,1,1,19,19,free,model,scripted
34,defector,5,20,D,D,1,1,20,20,free,model,scripted
35,random,5,1,C,D,0,5,0,5,free,model,scripted
35,random,5,2,D,D,1,1,1,6,free,model,scripted
35,random,5,3,D,C,5,0,6,6,free,model,scripted
35,random,5,4,D,C,5,0,11,6,free,model,scripted
35,random,5,5,D,D,1,1,12,7,free,model,scripted
35,random,5,6,D,D,1,1,13,8,free,model,scripted
35,random,5,7,D,C,5,0,18,8,free,model,scripted
35,random,5,8,D,C,5,0,23,8,free,model,scripted
35,random,5,9,D,C,5,0,28,8,free,model,scripted
35,random,5,10,D,D,1,1,29,9,free,model,scripted
35,random,5,11,D,D,1,1,30,10,free,model,scripted
35,random,5,12,D,C,5,0,35,10,free,model,scripted
35,random,5,13,D,C,5,0,40,10,free,model,scripted
35,random,5,14,D,C,5,0,45,10,free,model,scripted
35,random,5,15,D,C,5,0,50,10,free,model,scripted
35,random,5,16,D,D,1,1,51,11,free,model,scripted
35,random,5,17,D,D,1,1,52,12,free,model,scripted
35,random,5,18,D,D,1,1,53,13,free,model,scripted
35,random,5,19,D,C,5,0,58,13,free,model,scripted
35,random,5,20,D,D,1,1,59,14,free,model,scripted
36,tit_for_tat,5,1,C,C,3,3,3,3,free,model,scripted
36,tit_for_tat,5,2,C,C,3,3,6,6,free,model,scripted
36,tit_for_tat,5,3,C,C,3,3,9,9,free,model,scripted
36,tit_for_tat,5,4,C,C,3,3,12,12,free,model,scripted
36,tit_for_tat,5,5,C,C,3,3,15,15,free,model,scripted
36,tit_for_tat,5,6,C,C,3,3,18,18,free,model,scripted
36,tit_for_tat,5,7,C,C,3,3,21,21,free,model,scripted
36,tit_for_tat,5,8,C,C,3,3,24,24,free,model,scripted
36,tit_for_tat,5,9,C,C,3,3,27,27,free,model,scripted
36,tit_for_tat,5,10,C,C,3,3,30,30,free,model,scripted
36,tit_for_tat,5,11,C,C,3,3,33,33,free,model,scripted
36,tit_for_tat,5,12,C,C,3,3,36,36,free,model,scripted
36,tit_for_tat,5,13,C,C,3,3,39,39,free,model,scripted
36,tit_for_tat,5,14,C,C,3,3,42,42,free,model,scripted
36,tit_for_tat,5,15,C,C,3,3,45,45,free,model,scripted
36,tit_for_tat,5,16,C,C,3,3,48,48,free,model,scripted
36,tit_for_tat,5,17,C,C,3,3,51,51,free,model,scripted
36,tit_for_tat,5,18,C,C,3,3,54,54,free,model,scripted
36,tit_for_tat,5,19,C,C,3,3,57,57,free,model,scripted
36,tit_for_tat,5,20,C,C,3,3,60,60,free,model,scripted
37,tit_for_two_tats,5,1,D,C,5,0,5,0,free,model,scripted
37,tit_for_two_tats,5,2,D,C,5,0,10,0,free,model,scripted
37,tit_for_two_tats,5,3,D,D,1,1,11,1,free,model,scripted
37,tit_for_two_tats,5,4,D,D,1,1,12,2,free,model,scripted
37,tit_for_two_tats,5,5,D,D,1,1,13,3,free,model,scripted
37,tit_for_two_tats,5,6,D,D,1,1,14,4,free,model,scripted
37,tit_for_two_tats,5,7,D,D,1,1,15,5,free,model,scripted
37,tit_for_two_tats,5,8,D,D,1,1,16,6,free,model,scripted
37,tit_for_two_tats,5,9,D,D,1,1,17,7,free,model,scripted
37,tit_for_two_tats,5,10,D,D,1,1,18,8,free,model,scripted
37,tit_for_two_tats,5,11,D,D,1,1,19,9,free,model,scripted
37,tit_for_two_tats,5,12,D,D,1,1,20,10,free,model,scripted
37,tit_for_two_tats,5,13,D,D,1,1,21,11,free,model,scripted
37,tit_for_two_tats,5,14,D,D,1,1,22,12,free,model,scripted
37,tit_for_two_tats,5,15,D,D,1,1,23,13,free,model,scripted
37,tit_for_two_tats,5,16,D,D,1,1,24,14,free,model,scripted
37,tit_for_two_tats,5,17,D,D,1,1,25,15,free,model,scripted
37,tit_for_two_tats,5,18,D,D,1,1,26,16,free,model,scripted
37,tit_for_two_tats,5,19,D,D,1,1,27,17,free,model,scripted
37,tit_for_two_tats,5,20,D,D,1,1,28,18,free,model,scripted
38,grim,5,1,D,C,5,0,5,0,free,model,scripted
38,grim,5,2,D,D,1,1,6,1,free,model,scripted
38,grim,5,3,D,D,1,1,7,2,free,model,scripted
38,grim,5,4,D,D,1,1,8,3,free,model,scripted
38,grim,5,5,D,D,1,1,9,4,free,model,scripted
38,grim,5,6,D,D,1,1,10,5,free,model,scripted
38,grim,5,7,D,D,1,1,11,6,free,model,scripted
38,grim,5,8,D,D,1,1,12,7,free,model,scripted
38,grim,5,9,D,D,1,1,13,8,free,model,scripted
38,grim,5,10,D,D,1,1,14,9,free,model,scripted
38,grim,5,11,D,D,1,1,15,10,free,model,scripted
38,grim,5,12,D,D,1,1,16,11,free,model,scripted
38,grim,5,13,D,D,1,1,17,12,free,model,scripted
38,grim,5,14,D,D,1,1,18,13,free,model,scripted
38,grim,5,15,D,D,1,1,19,14,free,model,scripted
38,grim,5,16,D,D,1,1,20,15,free,model,scripted
38,grim,5,17,D,D,1,1,21,16,free,model,scripted
38,grim,5,18,D,D,1,1,22,17,free,model,scripted
38,grim,5,19,D,D,1,1,23,18,free,model,scripted
38,grim,5,20,D,D,1,1,24,19,free,model,scripted
39,pavlov,5,1,C,C,3,3,3,3,free,model,scripted
39,pavlov,5,2,C,C,3,3,6,6,free,model,scripted
39,pavlov,5,3,C,C,3,3,9,9,free,model,scripted
39,pavlov,5,4,C,C,3,3,12,12,free,model,scripted
39,pavlov,5,5,C,C,3,3,15,15,free,model,scripted
39,pavlov,5,6,C,C,3,3,18,18,free,model,scripted
39,pavlov,5,7,C,C,3,3,21,21,free,model,scripted
39,pavlov,5,8,C,C,3,3,24,24,free,model,scripted
39,pavlov,5,9,C,C,3,3,27,27,free,model,scripted
39,pavlov,5,10,C,C,3,3,30,30,free,model,scripted
39,pavlov,5,11,C,C,3,3,33,33,free,model,scripted
39,pavlov,5,12,C,C,3,3,36,36,free,model,scripted
39,pavlov,5,13,C,C,3,3,39,39,free,model,scripted
39,pavlov,5,14,C,C,3,3,42,42,free,model,scripted
39,pavlov,5,15,C,C,3,3,45,45,free,model,scripted
39,pavlov,5,16,C,C,3,3,48,48,free,model,scripted
39,pavlov,5,17,C,C,3,3,51,51,free,model,scripted
39,pavlov,5,18,C,C,3,3,54,54,free,model,scripted
39,pavlov,5,19,C,C,3,3,57,57,free,model,scripted
39,pavlov,5,20,C,C,3,3,60,60,free,model,scripted
40,another_jev,5,1,D,D,1,1,1,1,free,model,model
40,another_jev,5,2,D,D,1,1,2,2,free,model,model
40,another_jev,5,3,D,D,1,1,3,3,free,model,model
40,another_jev,5,4,D,D,1,1,4,4,free,model,model
40,another_jev,5,5,D,D,1,1,5,5,free,model,model
40,another_jev,5,6,D,D,1,1,6,6,free,model,model
40,another_jev,5,7,D,D,1,1,7,7,free,model,model
40,another_jev,5,8,D,D,1,1,8,8,free,model,model
40,another_jev,5,9,D,D,1,1,9,9,free,model,model
40,another_jev,5,10,D,D,1,1,10,10,free,model,model
40,another_jev,5,11,D,D,1,1,11,11,free,model,model
40,another_jev,5,12,D,D,1,1,12,12,free,model,model
40,another_jev,5,13,D,D,1,1,13,13,free,model,model
40,another_jev,5,14,D,D,1,1,14,14,free,model,model
40,another_jev,5,15,D,D,1,1,15,15,free,model,model
40,another_jev,5,16,D,D,1,1,16,16,free,model,model
40,another_jev,5,17,D,D,1,1,17,17,free,model,model
40,another_jev,5,18,D,D,1,1,18,18,free,model,model
40,another_jev,5,19,D,D,1,1,19,19,free,model,model
40,another_jev,5,20,D,D,1,1,20,20,free,model,model
41,cooperator,6,1,D,C,5,0,5,0,free,model,scripted
41,cooperator,6,2,D,C,5,0,10,0,free,model,scripted
41,cooperator,6,3,D,C,5,0,15,0,free,model,scripted
41,cooperator,6,4,D,C,5,0,20,0,free,model,scripted
41,cooperator,6,5,D,C,5,0,25,0,free,model,scripted
41,cooperator,6,6,D,C,5,0,30,0,free,model,scripted
41,cooperator,6,7,D,C,5,0,35,0,free,model,scripted
41,cooperator,6,8,D,C,5,0,40,0,free,model,scripted
41,cooperator,6,9,D,C,5,0,45,0,free,model,scripted
41,cooperator,6,10,D,C,5,0,50,0,free,model,scripted
41,cooperator,6,11,D,C,5,0,55,0,free,model,scripted
41,cooperator,6,12,D,C,5,0,60,0,free,model,scripted
41,cooperator,6,13,D,C,5,0,65,0,free,model,scripted
41,cooperator,6,14,D,C,5,0,70,0,free,model,scripted
41,cooperator,6,15,D,C,5,0,75,0,free,model,scripted
41,cooperator,6,16,D,C,5,0,80,0,free,model,scripted
41,cooperator,6,17,D,C,5,0,85,0,free,model,scripted
41,cooperator,6,18,D,C,5,0,90,0,free,model,scripted
41,cooperator,6,19,D,C,5,0,95,0,free,model,scripted
41,cooperator,6,20,D,C,5,0,100,0,free,model,scripted
42,defector,6,1,C,D,0,5,0,5,free,model,scripted
42,defector,6,2,D,D,1,1,1,6,free,model,scripted
42,defector,6,3,D,D,1,1,2,7,free,model,scripted
42,defector,6,4,D,D,1,1,3,8,free,model,scripted
42,defector,6,5,D,D,1,1,4,9,free,model,scripted
42,defector,6,6,D,D,1,1,5,10,free,model,scripted
42,defector,6,7,D,D,1,1,6,11,free,model,scripted
42,defector,6,8,D,D,1,1,7,12,free,model,scripted
42,defector,6,9,D,D,1,1,8,13,free,model,scripted
42,defector,6,10,D,D,1,1,9,14,free,model,scripted
42,defector,6,11,D,D,1,1,10,15,free,model,scripted
42,defector,6,12,D,D,1,1,11,16,free,model,scripted
42,defector,6,13,D,D,1,1,12,17,free,model,scripted
42,defector,6,14,D,D,1,1,13,18,free,model,scripted
42,defector,6,15,D,D,1,1,14,19,free,model,scripted
42,defector,6,16,D,D,1,1,15,20,free,model,scripted
42,defector,6,17,D,D,1,1,16,21,free,model,scripted
42,defector,6,18,D,D,1,1,17,22,free,model,scripted
42,defector,6,19,D,D,1,1,18,23,free,model,scripted
42,defector,6,20,D,D,1,1,19,24,free,model,scripted
43,random,6,1,D,C,5,0,5,0,free,model,scripted
43,random,6,2,D,D,1,1,6,1,free,model,scripted
43,random,6,3,D,D,1,1,7,2,free,model,scripted
43,random,6,4,D,D,1,1,8,3,free,model,scripted
43,random,6,5,D,C,5,0,13,3,free,model,scripted
43,random,6,6,D,D,1,1,14,4,free,model,scripted
43,random,6,7,D,D,1,1,15,5,free,model,scripted
43,random,6,8,D,D,1,1,16,6,free,model,scripted
43,random,6,9,D,D,1,1,17,7,free,model,scripted
43,random,6,10,D,C,5,0,22,7,free,model,scripted
43,random,6,11,D,D,1,1,23,8,free,model,scripted
43,random,6,12,D,D,1,1,24,9,free,model,scripted
43,random,6,13,D,C,5,0,29,9,free,model,scripted
43,random,6,14,D,C,5,0,34,9,free,model,scripted
43,random,6,15,D,D,1,1,35,10,free,model,scripted
43,random,6,16,D,C,5,0,40,10,free,model,scripted
43,random,6,17,D,C,5,0,45,10,free,model,scripted
43,random,6,18,D,C,5,0,50,10,free,model,scripted
43,random,6,19,D,D,1,1,51,11,free,model,scripted
43,random,6,20,D,D,1,1,52,12,free,model,scripted
44,tit_for_tat,6,1,C,C,3,3,3,3,free,model,scripted
44,tit_for_tat,6,2,C,C,3,3,6,6,free,model,scripted
44,tit_for_tat,6,3,C,C,3,3,9,9,free,model,scripted
44,tit_for_tat,6,4,C,C,3,3,12,12,free,model,scripted
44,tit_for_tat,6,5,C,C,3,3,15,15,free,model,scripted
44,tit_for_tat,6,6,C,C,3,3,18,18,free,model,scripted
44,tit_for_tat,6,7,C,C,3,3,21,21,free,model,scripted
44,tit_for_tat,6,8,C,C,3,3,24,24,free,model,scripted
44,tit_for_tat,6,9,C,C,3,3,27,27,free,model,scripted
44,tit_for_tat,6,10,C,C,3,3,30,30,free,model,scripted
44,tit_for_tat,6,11,C,C,3,3,33,33,free,model,scripted
44,tit_for_tat,6,12,C,C,3,3,36,36,free,model,scripted
44,tit_for_tat,6,13,C,C,3,3,39,39,free,model,scripted
44,tit_for_tat,6,14,C,C,3,3,42,42,free,model,scripted
44,tit_for_tat,6,15,C,C,3,3,45,45,free,model,scripted
44,tit_for_tat,6,16,C,C,3,3,48,48,free,model,scripted
44,tit_for_tat,6,17,C,C,3,3,51,51,free,model,scripted
44,tit_for_tat,6,18,C,C,3,3,54,54,free,model,scripted
44,tit_for_tat,6,19,C,C,3,3,57,57,free,model,scripted
44,tit_for_tat,6,20,C,C,3,3,60,60,free,model,scripted
45,tit_for_two_tats,6,1,D,C,5,0,5,0,free,model,scripted
45,tit_for_two_tats,6,2,D,C,5,0,10,0,free,model,scripted
45,tit_for_two_tats,6,3,D,D,1,1,11,1,free,model,scripted
45,tit_for_two_tats,6,4,D,D,1,1,12,2,free,model,scripted
45,tit_for_two_tats,6,5,D,D,1,1,13,3,free,model,scripted
45,tit_for_two_tats,6,6,D,D,1,1,14,4,free,model,scripted
45,tit_for_two_tats,6,7,D,D,1,1,15,5,free,model,scripted
45,tit_for_two_tats,6,8,D,D,1,1,16,6,free,model,scripted
45,tit_for_two_tats,6,9,D,D,1,1,17,7,free,model,scripted
45,tit_for_two_tats,6,10,D,D,1,1,18,8,free,model,scripted
45,tit_for_two_tats,6,11,D,D,1,1,19,9,free,model,scripted
45,tit_for_two_tats,6,12,D,D,1,1,20,10,free,model,scripted
45,tit_for_two_tats,6,13,D,D,1,1,21,11,free,model,scripted
45,tit_for_two_tats,6,14,D,D,1,1,22,12,free,model,scripted
45,tit_for_two_tats,6,15,D,D,1,1,23,13,free,model,scripted
45,tit_for_two_tats,6,16,D,D,1,1,24,14,free,model,scripted
45,tit_for_two_tats,6,17,D,D,1,1,25,15,free,model,scripted
45,tit_for_two_tats,6,18,D,D,1,1,26,16,free,model,scripted
45,tit_for_two_tats,6,19,D,D,1,1,27,17,free,model,scripted
45,tit_for_two_tats,6,20,D,D,1,1,28,18,free,model,scripted
46,grim,6,1,D,C,5,0,5,0,free,model,scripted
46,grim,6,2,D,D,1,1,6,1,free,model,scripted
46,grim,6,3,D,D,1,1,7,2,free,model,scripted
46,grim,6,4,D,D,1,1,8,3,free,model,scripted
46,grim,6,5,D,D,1,1,9,4,free,model,scripted
46,grim,6,6,D,D,1,1,10,5,free,model,scripted
46,grim,6,7,D,D,1,1,11,6,free,model,scripted
46,grim,6,8,D,D,1,1,12,7,free,model,scripted
46,grim,6,9,D,D,1,1,13,8,free,model,scripted
46,grim,6,10,D,D,1,1,14,9,free,model,scripted
46,grim,6,11,D,D,1,1,15,10,free,model,scripted
46,grim,6,12,D,D,1,1,16,11,free,model,scripted
46,grim,6,13,D,D,1,1,17,12,free,model,scripted
46,grim,6,14,D,D,1,1,18,13,free,model,scripted
46,grim,6,15,D,D,1,1,19,14,free,model,scripted
46,grim,6,16,D,D,1,1,20,15,free,model,scripted
46,grim,6,17,D,D,1,1,21,16,free,model,scripted
46,grim,6,18,D,D,1,1,22,17,free,model,scripted
46,grim,6,19,D,D,1,1,23,18,free,model,scripted
46,grim,6,20,D,D,1,1,24,19,free,model,scripted
47,pavlov,6,1,C,C,3,3,3,3,free,model,scripted
47,pavlov,6,2,C,C,3,3,6,6,free,model,scripted
47,pavlov,6,3,C,C,3,3,9,9,free,model,scripted
47,pavlov,6,4,C,C,3,3,12,12,free,model,scripted
47,pavlov,6,5,C,C,3,3,15,15,free,model,scripted
47,pavlov,6,6,C,C,3,3,18,18,free,model,scripted
47,pavlov,6,7,C,C,3,3,21,21,free,model,scripted
47,pavlov,6,8,C,C,3,3,24,24,free,model,scripted
47,pavlov,6,9,C,C,3,3,27,27,free,model,scripted
47,pavlov,6,10,C,C,3,3,30,30,free,model,scripted
47,pavlov,6,11,C,C,3,3,33,33,free,model,scripted
47,pavlov,6,12,C,C,3,3,36,36,free,model,scripted
47,pavlov,6,13,C,C,3,3,39,39,free,model,scripted
47,pavlov,6,14,C,C,3,3,42,42,free,model,scripted
47,pavlov,6,15,C,C,3,3,45,45,free,model,scripted
47,pavlov,6,16,C,C,3,3,48,48,free,model,scripted
47,pavlov,6,17,C,C,3,3,51,51,free,model,scripted
47,pavlov,6,18,C,C,3,3,54,54,free,model,scripted
47,pavlov,6,19,C,C,3,3,57,57,free,model,scripted
47,pavlov,6,20,C,C,3,3,60,60,free,model,scripted
48,another_jev,6,1,C,D,0,5,0,5,free,model,model
48,another_jev,6,2,D,D,1,1,1,6,free,model,model
48,another_jev,6,3,D,D,1,1,2,7,free,model,model
48,another_jev,6,4,D,D,1,1,3,8,free,model,model
48,another_jev,6,5,D,D,1,1,4,9,free,model,model
48,another_jev,6,6,D,D,1,1,5,10,free,model,model
48,another_jev,6,7,D,D,1,1,6,11,free,model,model
48,another_jev,6,8,D,D,1,1,7,12,free,model,model
48,another_jev,6,9,D,D,1,1,8,13,free,model,model
48,another_jev,6,10,D,D,1,1,9,14,free,model,model
48,another_jev,6,11,D,D,1,1,10,15,free,model,model
48,another_jev,6,12,D,D,1,1,11,16,free,model,model
48,another_jev,6,13,D,D,1,1,12,17,free,model,model
48,another_jev,6,14,D,D,1,1,13,18,free,model,model
48,another_jev,6,15,D,D,1,1,14,19,free,model,model
48,another_jev,6,16,D,D,1,1,15,20,free,model,model
48,another_jev,6,17,D,D,1,1,16,21,free,model,model
48,another_jev,6,18,D,D,1,1,17,22,free,model,model
48,another_jev,6,19,D,D,1,1,18,23,free,model,model
48,another_jev,6,20,D,D,1,1,19,24,free,model,model
49,cooperator,7,1,D,C,5,0,5,0,free,model,scripted
49,cooperator,7,2,D,C,5,0,10,0,free,model,scripted
49,cooperator,7,3,D,C,5,0,15,0,free,model,scripted
49,cooperator,7,4,D,C,5,0,20,0,free,model,scripted
49,cooperator,7,5,D,C,5,0,25,0,free,model,scripted
49,cooperator,7,6,D,C,5,0,30,0,free,model,scripted
49,cooperator,7,7,D,C,5,0,35,0,free,model,scripted
49,cooperator,7,8,D,C,5,0,40,0,free,model,scripted
49,cooperator,7,9,D,C,5,0,45,0,free,model,scripted
49,cooperator,7,10,D,C,5,0,50,0,free,model,scripted
49,cooperator,7,11,D,C,5,0,55,0,free,model,scripted
49,cooperator,7,12,D,C,5,0,60,0,free,model,scripted
49,cooperator,7,13,D,C,5,0,65,0,free,model,scripted
49,cooperator,7,14,D,C,5,0,70,0,free,model,scripted
49,cooperator,7,15,D,C,5,0,75,0,free,model,scripted
49,cooperator,7,16,D,C,5,0,80,0,free,model,scripted
49,cooperator,7,17,D,C,5,0,85,0,free,model,scripted
49,cooperator,7,18,D,C,5,0,90,0,free,model,scripted
49,cooperator,7,19,D,C,5,0,95,0,free,model,scripted
49,cooperator,7,20,D,C,5,0,100,0,free,model,scripted
50,defector,7,1,D,D,1,1,1,1,free,model,scripted
50,defector,7,2,D,D,1,1,2,2,free,model,scripted
50,defector,7,3,D,D,1,1,3,3,free,model,scripted
50,defector,7,4,D,D,1,1,4,4,free,model,scripted
50,defector,7,5,D,D,1,1,5,5,free,model,scripted
50,defector,7,6,D,D,1,1,6,6,free,model,scripted
50,defector,7,7,D,D,1,1,7,7,free,model,scripted
50,defector,7,8,D,D,1,1,8,8,free,model,scripted
50,defector,7,9,D,D,1,1,9,9,free,model,scripted
50,defector,7,10,D,D,1,1,10,10,free,model,scripted
50,defector,7,11,D,D,1,1,11,11,free,model,scripted
50,defector,7,12,D,D,1,1,12,12,free,model,scripted
50,defector,7,13,D,D,1,1,13,13,free,model,scripted
50,defector,7,14,D,D,1,1,14,14,free,model,scripted
50,defector,7,15,D,D,1,1,15,15,free,model,scripted
50,defector,7,16,D,D,1,1,16,16,free,model,scripted
50,defector,7,17,D,D,1,1,17,17,free,model,scripted
50,defector,7,18,D,D,1,1,18,18,free,model,scripted
50,defector,7,19,D,D,1,1,19,19,free,model,scripted
50,defector,7,20,D,D,1,1,20,20,free,model,scripted
51,random,7,1,D,D,1,1,1,1,free,model,scripted
51,random,7,2,D,D,1,1,2,2,free,model,scripted
51,random,7,3,D,D,1,1,3,3,free,model,scripted
51,random,7,4,D,D,1,1,4,4,free,model,scripted
51,random,7,5,D,C,5,0,9,4,free,model,scripted
51,random,7,6,D,D,1,1,10,5,free,model,scripted
51,random,7,7,D,C,5,0,15,5,free,model,scripted
51,random,7,8,D,C,5,0,20,5,free,model,scripted
51,random,7,9,D,C,5,0,25,5,free,model,scripted
51,random,7,10,D,C,5,0,30,5,free,model,scripted
51,random,7,11,D,C,5,0,35,5,free,model,scripted
51,random,7,12,D,C,5,0,40,5,free,model,scripted
51,random,7,13,D,C,5,0,45,5,free,model,scripted
51,random,7,14,D,C,5,0,50,5,free,model,scripted
51,random,7,15,D,C,5,0,55,5,free,model,scripted
51,random,7,16,D,D,1,1,56,6,free,model,scripted
51,random,7,17,D,C,5,0,61,6,free,model,scripted
51,random,7,18,D,D,1,1,62,7,free,model,scripted
51,random,7,19,D,D,1,1,63,8,free,model,scripted
51,random,7,20,D,D,1,1,64,9,free,model,scripted
52,tit_for_tat,7,1,D,C,5,0,5,0,free,model,scripted
52,tit_for_tat,7,2,D,D,1,1,6,1,free,model,scripted
52,tit_for_tat,7,3,D,D,1,1,7,2,free,model,scripted
52,tit_for_tat,7,4,D,D,1,1,8,3,free,model,scripted
52,tit_for_tat,7,5,D,D,1,1,9,4,free,model,scripted
52,tit_for_tat,7,6,D,D,1,1,10,5,free,model,scripted
52,tit_for_tat,7,7,D,D,1,1,11,6,free,model,scripted
52,tit_for_tat,7,8,D,D,1,1,12,7,free,model,scripted
52,tit_for_tat,7,9,D,D,1,1,13,8,free,model,scripted
52,tit_for_tat,7,10,D,D,1,1,14,9,free,model,scripted
52,tit_for_tat,7,11,D,D,1,1,15,10,free,model,scripted
52,tit_for_tat,7,12,D,D,1,1,16,11,free,model,scripted
52,tit_for_tat,7,13,D,D,1,1,17,12,free,model,scripted
52,tit_for_tat,7,14,D,D,1,1,18,13,free,model,scripted
52,tit_for_tat,7,15,D,D,1,1,19,14,free,model,scripted
52,tit_for_tat,7,16,D,D,1,1,20,15,free,model,scripted
52,tit_for_tat,7,17,D,D,1,1,21,16,free,model,scripted
52,tit_for_tat,7,18,D,D,1,1,22,17,free,model,scripted
52,tit_for_tat,7,19,D,D,1,1,23,18,free,model,scripted
52,tit_for_tat,7,20,D,D,1,1,24,19,free,model,scripted
53,tit_for_two_tats,7,1,D,C,5,0,5,0,free,model,scripted
53,tit_for_two_tats,7,2,D,C,5,0,10,0,free,model,scripted
53,tit_for_two_tats,7,3,D,D,1,1,11,1,free,model,scripted
53,tit_for_two_tats,7,4,D,D,1,1,12,2,free,model,scripted
53,tit_for_two_tats,7,5,D,D,1,1,13,3,free,model,scripted
53,tit_for_two_tats,7,6,D,D,1,1,14,4,free,model,scripted
53,tit_for_two_tats,7,7,D,D,1,1,15,5,free,model,scripted
53,tit_for_two_tats,7,8,D,D,1,1,16,6,free,model,scripted
53,tit_for_two_tats,7,9,D,D,1,1,17,7,free,model,scripted
53,tit_for_two_tats,7,10,D,D,1,1,18,8,free,model,scripted
53,tit_for_two_tats,7,11,D,D,1,1,19,9,free,model,scripted
53,tit_for_two_tats,7,12,D,D,1,1,20,10,free,model,scripted
53,tit_for_two_tats,7,13,D,D,1,1,21,11,free,model,scripted
53,tit_for_two_tats,7,14,D,D,1,1,22,12,free,model,scripted
53,tit_for_two_tats,7,15,D,D,1,1,23,13,free,model,scripted
53,tit_for_two_tats,7,16,D,D,1,1,24,14,free,model,scripted
53,tit_for_two_tats,7,17,D,D,1,1,25,15,free,model,scripted
53,tit_for_two_tats,7,18,D,D,1,1,26,16,free,model,scripted
53,tit_for_two_tats,7,19,D,D,1,1,27,17,free,model,scripted
53,tit_for_two_tats,7,20,D,D,1,1,28,18,free,model,scripted
54,grim,7,1,D,C,5,0,5,0,free,model,scripted
54,grim,7,2,D,D,1,1,6,1,free,model,scripted
54,grim,7,3,D,D,1,1,7,2,free,model,scripted
54,grim,7,4,D,D,1,1,8,3,free,model,scripted
54,grim,7,5,D,D,1,1,9,4,free,model,scripted
54,grim,7,6,D,D,1,1,10,5,free,model,scripted
54,grim,7,7,D,D,1,1,11,6,free,model,scripted
54,grim,7,8,D,D,1,1,12,7,free,model,scripted
54,grim,7,9,D,D,1,1,13,8,free,model,scripted
54,grim,7,10,D,D,1,1,14,9,free,model,scripted
54,grim,7,11,D,D,1,1,15,10,free,model,scripted
54,grim,7,12,D,D,1,1,16,11,free,model,scripted
54,grim,7,13,D,D,1,1,17,12,free,model,scripted
54,grim,7,14,D,D,1,1,18,13,free,model,scripted
54,grim,7,15,D,D,1,1,19,14,free,model,scripted
54,grim,7,16,D,D,1,1,20,15,free,model,scripted
54,grim,7,17,D,D,1,1,21,16,free,model,scripted
54,grim,7,18,D,D,1,1,22,17,free,model,scripted
54,grim,7,19,D,D,1,1,23,18,free,model,scripted
54,grim,7,20,D,D,1,1,24,19,free,model,scripted
55,pavlov,7,1,D,C,5,0,5,0,free,model,scripted
55,pavlov,7,2,D,D,1,1,6,1,free,model,scripted
55,pavlov,7,3,D,C,5,0,11,1,free,model,scripted
55,pavlov,7,4,D,D,1,1,12,2,free,model,scripted
55,pavlov,7,5,D,C,5,0,17,2,free,model,scripted
55,pavlov,7,6,D,D,1,1,18,3,free,model,scripted
55,pavlov,7,7,D,C,5,0,23,3,free,model,scripted
55,pavlov,7,8,D,D,1,1,24,4,free,model,scripted
55,pavlov,7,9,D,C,5,0,29,4,free,model,scripted
55,pavlov,7,10,D,D,1,1,30,5,free,model,scripted
55,pavlov,7,11,D,C,5,0,35,5,free,model,scripted
55,pavlov,7,12,D,D,1,1,36,6,free,model,scripted
55,pavlov,7,13,D,C,5,0,41,6,free,model,scripted
55,pavlov,7,14,D,D,1,1,42,7,free,model,scripted
55,pavlov,7,15,D,C,5,0,47,7,free,model,scripted
55,pavlov,7,16,D,D,1,1,48,8,free,model,scripted
55,pavlov,7,17,D,C,5,0,53,8,free,model,scripted
55,pavlov,7,18,D,D,1,1,54,9,free,model,scripted
55,pavlov,7,19,D,C,5,0,59,9,free,model,scripted
55,pavlov,7,20,D,D,1,1,60,10,free,model,scripted
56,another_jev,7,1,D,D,1,1,1,1,free,model,model
56,another_jev,7,2,D,D,1,1,2,2,free,model,model
56,another_jev,7,3,D,D,1,1,3,3,free,model,model
56,another_jev,7,4,D,D,1,1,4,4,free,model,model
56,another_jev,7,5,D,D,1,1,5,5,free,model,model
56,another_jev,7,6,D,D,1,1,6,6,free,model,model
56,another_jev,7,7,D,D,1,1,7,7,free,model,model
56,another_jev,7,8,D,D,1,1,8,8,free,model,model
56,another_jev,7,9,D,D,1,1,9,9,free,model,model
56,another_jev,7,10,D,D,1,1,10,10,free,model,model
56,another_jev,7,11,D,D,1,1,11,11,free,model,model
56,another_jev,7,12,D,D,1,1,12,12,free,model,model
56,another_jev,7,13,D,D,1,1,13,13,free,model,model
56,another_jev,7,14,D,D,1,1,14,14,free,model,model
56,another_jev,7,15,D,D,1,1,15,15,free,model,model
56,another_jev,7,16,D,D,1,1,16,16,free,model,model
56,another_jev,7,17,D,D,1,1,17,17,free,model,model
56,another_jev,7,18,D,D,1,1,18,18,free,model,model
56,another_jev,7,19,D,D,1,1,19,19,free,model,model
56,another_jev,7,20,D,D,1,1,20,20,free,model,model
57,cooperator,8,1,C,C,3,3,3,3,free,model,scripted
57,cooperator,8,2,C,C,3,3,6,6,free,model,scripted
57,cooperator,8,3,C,C,3,3,9,9,free,model,scripted
57,cooperator,8,4,C,C,3,3,12,12,free,model,scripted
57,cooperator,8,5,C,C,3,3,15,15,free,model,scripted
57,cooperator,8,6,C,C,3,3,18,18,free,model,scripted
57,cooperator,8,7,C,C,3,3,21,21,free,model,scripted
57,cooperator,8,8,C,C,3,3,24,24,free,model,scripted
57,cooperator,8,9,C,C,3,3,27,27,free,model,scripted
57,cooperator,8,10,C,C,3,3,30,30,free,model,scripted
57,cooperator,8,11,C,C,3,3,33,33,free,model,scripted
57,cooperator,8,12,C,C,3,3,36,36,free,model,scripted
57,cooperator,8,13,C,C,3,3,39,39,free,model,scripted
57,cooperator,8,14,C,C,3,3,42,42,free,model,scripted
57,cooperator,8,15,C,C,3,3,45,45,free,model,scripted
57,cooperator,8,16,C,C,3,3,48,48,free,model,scripted
57,cooperator,8,17,C,C,3,3,51,51,free,model,scripted
57,cooperator,8,18,C,C,3,3,54,54,free,model,scripted
57,cooperator,8,19,C,C,3,3,57,57,free,model,scripted
57,cooperator,8,20,C,C,3,3,60,60,free,model,scripted
58,defector,8,1,C,D,0,5,0,5,free,model,scripted
58,defector,8,2,D,D,1,1,1,6,free,model,scripted
58,defector,8,3,D,D,1,1,2,7,free,model,scripted
58,defector,8,4,D,D,1,1,3,8,free,model,scripted
58,defector,8,5,D,D,1,1,4,9,free,model,scripted
58,defector,8,6,D,D,1,1,5,10,free,model,scripted
58,defector,8,7,D,D,1,1,6,11,free,model,scripted
58,defector,8,8,D,D,1,1,7,12,free,model,scripted
58,defector,8,9,D,D,1,1,8,13,free,model,scripted
58,defector,8,10,D,D,1,1,9,14,free,model,scripted
58,defector,8,11,D,D,1,1,10,15,free,model,scripted
58,defector,8,12,D,D,1,1,11,16,free,model,scripted
58,defector,8,13,D,D,1,1,12,17,free,model,scripted
58,defector,8,14,D,D,1,1,13,18,free,model,scripted
58,defector,8,15,D,D,1,1,14,19,free,model,scripted
58,defector,8,16,D,D,1,1,15,20,free,model,scripted
58,defector,8,17,D,D,1,1,16,21,free,model,scripted
58,defector,8,18,D,D,1,1,17,22,free,model,scripted
58,defector,8,19,D,D,1,1,18,23,free,model,scripted
58,defector,8,20,D,D,1,1,19,24,free,model,scripted
59,random,8,1,D,D,1,1,1,1,free,model,scripted
59,random,8,2,D,C,5,0,6,1,free,model,scripted
59,random,8,3,D,C,5,0,11,1,free,model,scripted
59,random,8,4,D,C,5,0,16,1,free,model,scripted
59,random,8,5,D,D,1,1,17,2,free,model,scripted
59,random,8,6,D,C,5,0,22,2,free,model,scripted
59,random,8,7,D,C,5,0,27,2,free,model,scripted
59,random,8,8,D,D,1,1,28,3,free,model,scripted
59,random,8,9,D,D,1,1,29,4,free,model,scripted
59,random,8,10,D,C,5,0,34,4,free,model,scripted
59,random,8,11,D,D,1,1,35,5,free,model,scripted
59,random,8,12,D,C,5,0,40,5,free,model,scripted
59,random,8,13,D,D,1,1,41,6,free,model,scripted
59,random,8,14,D,C,5,0,46,6,free,model,scripted
59,random,8,15,D,C,5,0,51,6,free,model,scripted
59,random,8,16,D,D,1,1,52,7,free,model,scripted
59,random,8,17,D,D,1,1,53,8,free,model,scripted
59,random,8,18,D,D,1,1,54,9,free,model,scripted
59,random,8,19,D,D,1,1,55,10,free,model,scripted
59,random,8,20,D,D,1,1,56,11,free,model,scripted
60,tit_for_tat,8,1,D,C,5,0,5,0,free,model,scripted
60,tit_for_tat,8,2,D,D,1,1,6,1,free,model,scripted
60,tit_for_tat,8,3,D,D,1,1,7,2,free,model,scripted
60,tit_for_tat,8,4,D,D,1,1,8,3,free,model,scripted
60,tit_for_tat,8,5,D,D,1,1,9,4,free,model,scripted
60,tit_for_tat,8,6,D,D,1,1,10,5,free,model,scripted
60,tit_for_tat,8,7,D,D,1,1,11,6,free,model,scripted
60,tit_for_tat,8,8,D,D,1,1,12,7,free,model,scripted
60,tit_for_tat,8,9,D,D,1,1,13,8,free,model,scripted
60,tit_for_tat,8,10,D,D,1,1,14,9,free,model,scripted
60,tit_for_tat,8,11,D,D,1,1,15,10,free,model,scripted
60,tit_for_tat,8,12,D,D,1,1,16,11,free,model,scripted
60,tit_for_tat,8,13,D,D,1,1,17,12,free,model,scripted
60,tit_for_tat,8,14,D,D,1,1,18,13,free,model,scripted
60,tit_for_tat,8,15,D,D,1,1,19,14,free,model,scripted
60,tit_for_tat,8,16,D,D,1,1,20,15,free,model,scripted
60,tit_for_tat,8,17,D,D,1,1,21,16,free,model,scripted
60,tit_for_tat,8,18,D,D,1,1,22,17,free,model,scripted
60,tit_for_tat,8,19,D,D,1,1,23,18,free,model,scripted
60,tit_for_tat,8,20,D,D,1,1,24,19,free,model,scripted
61,tit_for_two_tats,8,1,D,C,5,0,5,0,free,model,scripted
61,tit_for_two_tats,8,2,D,C,5,0,10,0,free,model,scripted
61,tit_for_two_tats,8,3,D,D,1,1,11,1,free,model,scripted
61,tit_for_two_tats,8,4,D,D,1,1,12,2,free,model,scripted
61,tit_for_two_tats,8,5,D,D,1,1,13,3,free,model,scripted
61,tit_for_two_tats,8,6,D,D,1,1,14,4,free,model,scripted
61,tit_for_two_tats,8,7,D,D,1,1,15,5,free,model,scripted
61,tit_for_two_tats,8,8,D,D,1,1,16,6,free,model,scripted
61,tit_for_two_tats,8,9,D,D,1,1,17,7,free,model,scripted
61,tit_for_two_tats,8,10,D,D,1,1,18,8,free,model,scripted
61,tit_for_two_tats,8,11,D,D,1,1,19,9,free,model,scripted
61,tit_for_two_tats,8,12,D,D,1,1,20,10,free,model,scripted
61,tit_for_two_tats,8,13,D,D,1,1,21,11,free,model,scripted
61,tit_for_two_tats,8,14,D,D,1,1,22,12,free,model,scripted
61,tit_for_two_tats,8,15,D,D,1,1,23,13,free,model,scripted
61,tit_for_two_tats,8,16,D,D,1,1,24,14,free,model,scripted
61,tit_for_two_tats,8,17,D,D,1,1,25,15,free,model,scripted
61,tit_for_two_tats,8,18,D,D,1,1,26,16,free,model,scripted
61,tit_for_two_tats,8,19,D,D,1,1,27,17,free,model,scripted
61,tit_for_two_tats,8,20,D,D,1,1,28,18,free,model,scripted
62,grim,8,1,D,C,5,0,5,0,free,model,scripted
62,grim,8,2,D,D,1,1,6,1,free,model,scripted
62,grim,8,3,D,D,1,1,7,2,free,model,scripted
62,grim,8,4,D,D,1,1,8,3,free,model,scripted
62,grim,8,5,D,D,1,1,9,4,free,model,scripted
62,grim,8,6,D,D,1,1,10,5,free,model,scripted
62,grim,8,7,D,D,1,1,11,6,free,model,scripted
62,grim,8,8,D,D,1,1,12,7,free,model,scripted
62,grim,8,9,D,D,1,1,13,8,free,model,scripted
62,grim,8,10,D,D,1,1,14,9,free,model,scripted
62,grim,8,11,D,D,1,1,15,10,free,model,scripted
62,grim,8,12,D,D,1,1,16,11,free,model,scripted
62,grim,8,13,D,D,1,1,17,12,free,model,scripted
62,grim,8,14,D,D,1,1,18,13,free,model,scripted
62,grim,8,15,D,D,1,1,19,14,free,model,scripted
62,grim,8,16,D,D,1,1,20,15,free,model,scripted
62,grim,8,17,D,D,1,1,21,16,free,model,scripted
62,grim,8,18,D,D,1,1,22,17,free,model,scripted
62,grim,8,19,D,D,1,1,23,18,free,model,scripted
62,grim,8,20,D,D,1,1,24,19,free,model,scripted
63,pavlov,8,1,D,C,5,0,5,0,free,model,scripted
63,pavlov,8,2,D,D,1,1,6,1,free,model,scripted
63,pavlov,8,3,D,C,5,0,11,1,free,model,scripted
63,pavlov,8,4,D,D,1,1,12,2,free,model,scripted
63,pavlov,8,5,D,C,5,0,17,2,free,model,scripted
63,pavlov,8,6,D,D,1,1,18,3,free,model,scripted
63,pavlov,8,7,D,C,5,0,23,3,free,model,scripted
63,pavlov,8,8,D,D,1,1,24,4,free,model,scripted
63,pavlov,8,9,D,C,5,0,29,4,free,model,scripted
63,pavlov,8,10,D,D,1,1,30,5,free,model,scripted
63,pavlov,8,11,D,C,5,0,35,5,free,model,scripted
63,pavlov,8,12,D,D,1,1,36,6,free,model,scripted
63,pavlov,8,13,D,C,5,0,41,6,free,model,scripted
63,pavlov,8,14,D,D,1,1,42,7,free,model,scripted
63,pavlov,8,15,D,C,5,0,47,7,free,model,scripted
63,pavlov,8,16,D,D,1,1,48,8,free,model,scripted
63,pavlov,8,17,D,C,5,0,53,8,free,model,scripted
63,pavlov,8,18,D,D,1,1,54,9,free,model,scripted
63,pavlov,8,19,D,C,5,0,59,9,free,model,scripted
63,pavlov,8,20,D,D,1,1,60,10,free,model,scripted
64,another_jev,8,1,D,D,1,1,1,1,free,model,model
64,another_jev,8,2,D,D,1,1,2,2,free,model,model
64,another_jev,8,3,D,D,1,1,3,3,free,model,model
64,another_jev,8,4,D,D,1,1,4,4,free,model,model
64,another_jev,8,5,D,D,1,1,5,5,free,model,model
64,another_jev,8,6,D,D,1,1,6,6,free,model,model
64,another_jev,8,7,D,D,1,1,7,7,free,model,model
64,another_jev,8,8,D,D,1,1,8,8,free,model,model
64,another_jev,8,9,D,D,1,1,9,9,free,model,model
64,another_jev,8,10,D,D,1,1,10,10,free,model,model
64,another_jev,8,11,D,D,1,1,11,11,free,model,model
64,another_jev,8,12,D,D,1,1,12,12,free,model,model
64,another_jev,8,13,D,D,1,1,13,13,free,model,model
64,another_jev,8,14,D,D,1,1,14,14,free,model,model
64,another_jev,8,15,D,D,1,1,15,15,free,model,model
64,another_jev,8,16,D,D,1,1,16,16,free,model,model
64,another_jev,8,17,D,D,1,1,17,17,free,model,model
64,another_jev,8,18,D,D,1,1,18,18,free,model,model
64,another_jev,8,19,D,D,1,1,19,19,free,model,model
64,another_jev,8,20,D,D,1,1,20,20,free,model,model
65,cooperator,9,1,D,C,5,0,5,0,free,model,scripted
65,cooperator,9,2,D,C,5,0,10,0,free,model,scripted
65,cooperator,9,3,D,C,5,0,15,0,free,model,scripted
65,cooperator,9,4,D,C,5,0,20,0,free,model,scripted
65,cooperator,9,5,D,C,5,0,25,0,free,model,scripted
65,cooperator,9,6,D,C,5,0,30,0,free,model,scripted
65,cooperator,9,7,D,C,5,0,35,0,free,model,scripted
65,cooperator,9,8,D,C,5,0,40,0,free,model,scripted
65,cooperator,9,9,D,C,5,0,45,0,free,model,scripted
65,cooperator,9,10,D,C,5,0,50,0,free,model,scripted
65,cooperator,9,11,D,C,5,0,55,0,free,model,scripted
65,cooperator,9,12,D,C,5,0,60,0,free,model,scripted
65,cooperator,9,13,D,C,5,0,65,0,free,model,scripted
65,cooperator,9,14,D,C,5,0,70,0,free,model,scripted
65,cooperator,9,15,D,C,5,0,75,0,free,model,scripted
65,cooperator,9,16,D,C,5,0,80,0,free,model,scripted
65,cooperator,9,17,D,C,5,0,85,0,free,model,scripted
65,cooperator,9,18,D,C,5,0,90,0,free,model,scripted
65,cooperator,9,19,D,C,5,0,95,0,free,model,scripted
65,cooperator,9,20,D,C,5,0,100,0,free,model,scripted
66,defector,9,1,D,D,1,1,1,1,free,model,scripted
66,defector,9,2,D,D,1,1,2,2,free,model,scripted
66,defector,9,3,D,D,1,1,3,3,free,model,scripted
66,defector,9,4,D,D,1,1,4,4,free,model,scripted
66,defector,9,5,D,D,1,1,5,5,free,model,scripted
66,defector,9,6,D,D,1,1,6,6,free,model,scripted
66,defector,9,7,D,D,1,1,7,7,free,model,scripted
66,defector,9,8,D,D,1,1,8,8,free,model,scripted
66,defector,9,9,D,D,1,1,9,9,free,model,scripted
66,defector,9,10,D,D,1,1,10,10,free,model,scripted
66,defector,9,11,D,D,1,1,11,11,free,model,scripted
66,defector,9,12,D,D,1,1,12,12,free,model,scripted
66,defector,9,13,D,D,1,1,13,13,free,model,scripted
66,defector,9,14,D,D,1,1,14,14,free,model,scripted
66,defector,9,15,D,D,1,1,15,15,free,model,scripted
66,defector,9,16,D,D,1,1,16,16,free,model,scripted
66,defector,9,17,D,D,1,1,17,17,free,model,scripted
66,defector,9,18,D,D,1,1,18,18,free,model,scripted
66,defector,9,19,D,D,1,1,19,19,free,model,scripted
66,defector,9,20,D,D,1,1,20,20,free,model,scripted
67,random,9,1,D,C,5,0,5,0,free,model,scripted
67,random,9,2,D,D,1,1,6,1,free,model,scripted
67,random,9,3,D,C,5,0,11,1,free,model,scripted
67,random,9,4,D,D,1,1,12,2,free,model,scripted
67,random,9,5,D,D,1,1,13,3,free,model,scripted
67,random,9,6,D,C,5,0,18,3,free,model,scripted
67,random,9,7,D,D,1,1,19,4,free,model,scripted
67,random,9,8,D,D,1,1,20,5,free,model,scripted
67,random,9,9,D,C,5,0,25,5,free,model,scripted
67,random,9,10,D,D,1,1,26,6,free,model,scripted
67,random,9,11,D,D,1,1,27,7,free,model,scripted
67,random,9,12,D,D,1,1,28,8,free,model,scripted
67,random,9,13,D,D,1,1,29,9,free,model,scripted
67,random,9,14,D,D,1,1,30,10,free,model,scripted
67,random,9,15,D,C,5,0,35,10,free,model,scripted
67,random,9,16,D,D,1,1,36,11,free,model,scripted
67,random,9,17,D,D,1,1,37,12,free,model,scripted
67,random,9,18,D,C,5,0,42,12,free,model,scripted
67,random,9,19,D,C,5,0,47,12,free,model,scripted
67,random,9,20,D,C,5,0,52,12,free,model,scripted
68,tit_for_tat,9,1,D,C,5,0,5,0,free,model,scripted
68,tit_for_tat,9,2,D,D,1,1,6,1,free,model,scripted
68,tit_for_tat,9,3,D,D,1,1,7,2,free,model,scripted
68,tit_for_tat,9,4,D,D,1,1,8,3,free,model,scripted
68,tit_for_tat,9,5,D,D,1,1,9,4,free,model,scripted
68,tit_for_tat,9,6,D,D,1,1,10,5,free,model,scripted
68,tit_for_tat,9,7,D,D,1,1,11,6,free,model,scripted
68,tit_for_tat,9,8,D,D,1,1,12,7,free,model,scripted
68,tit_for_tat,9,9,D,D,1,1,13,8,free,model,scripted
68,tit_for_tat,9,10,D,D,1,1,14,9,free,model,scripted
68,tit_for_tat,9,11,D,D,1,1,15,10,free,model,scripted
68,tit_for_tat,9,12,D,D,1,1,16,11,free,model,scripted
68,tit_for_tat,9,13,D,D,1,1,17,12,free,model,scripted
68,tit_for_tat,9,14,D,D,1,1,18,13,free,model,scripted
68,tit_for_tat,9,15,D,D,1,1,19,14,free,model,scripted
68,tit_for_tat,9,16,D,D,1,1,20,15,free,model,scripted
68,tit_for_tat,9,17,D,D,1,1,21,16,free,model,scripted
68,tit_for_tat,9,18,D,D,1,1,22,17,free,model,scripted
68,tit_for_tat,9,19,D,D,1,1,23,18,free,model,scripted
68,tit_for_tat,9,20,D,D,1,1,24,19,free,model,scripted
69,tit_for_two_tats,9,1,D,C,5,0,5,0,free,model,scripted
69,tit_for_two_tats,9,2,D,C,5,0,10,0,free,model,scripted
69,tit_for_two_tats,9,3,D,D,1,1,11,1,free,model,scripted
69,tit_for_two_tats,9,4,D,D,1,1,12,2,free,model,scripted
69,tit_for_two_tats,9,5,D,D,1,1,13,3,free,model,scripted
69,tit_for_two_tats,9,6,D,D,1,1,14,4,free,model,scripted
69,tit_for_two_tats,9,7,D,D,1,1,15,5,free,model,scripted
69,tit_for_two_tats,9,8,D,D,1,1,16,6,free,model,scripted
69,tit_for_two_tats,9,9,D,D,1,1,17,7,free,model,scripted
69,tit_for_two_tats,9,10,D,D,1,1,18,8,free,model,scripted
69,tit_for_two_tats,9,11,D,D,1,1,19,9,free,model,scripted
69,tit_for_two_tats,9,12,D,D,1,1,20,10,free,model,scripted
69,tit_for_two_tats,9,13,D,D,1,1,21,11,free,model,scripted
69,tit_for_two_tats,9,14,D,D,1,1,22,12,free,model,scripted
69,tit_for_two_tats,9,15,D,D,1,1,23,13,free,model,scripted
69,tit_for_two_tats,9,16,D,D,1,1,24,14,free,model,scripted
69,tit_for_two_tats,9,17,D,D,1,1,25,15,free,model,scripted
69,tit_for_two_tats,9,18,D,D,1,1,26,16,free,model,scripted
69,tit_for_two_tats,9,19,D,D,1,1,27,17,free,model,scripted
69,tit_for_two_tats,9,20,D,D,1,1,28,18,free,model,scripted
70,grim,9,1,D,C,5,0,5,0,free,model,scripted
70,grim,9,2,D,D,1,1,6,1,free,model,scripted
70,grim,9,3,D,D,1,1,7,2,free,model,scripted
70,grim,9,4,D,D,1,1,8,3,free,model,scripted
70,grim,9,5,D,D,1,1,9,4,free,model,scripted
70,grim,9,6,D,D,1,1,10,5,free,model,scripted
70,grim,9,7,D,D,1,1,11,6,free,model,scripted
70,grim,9,8,D,D,1,1,12,7,free,model,scripted
70,grim,9,9,D,D,1,1,13,8,free,model,scripted
70,grim,9,10,D,D,1,1,14,9,free,model,scripted
70,grim,9,11,D,D,1,1,15,10,free,model,scripted
70,grim,9,12,D,D,1,1,16,11,free,model,scripted
70,grim,9,13,D,D,1,1,17,12,free,model,scripted
70,grim,9,14,D,D,1,1,18,13,free,model,scripted
70,grim,9,15,D,D,1,1,19,14,free,model,scripted
70,grim,9,16,D,D,1,1,20,15,free,model,scripted
70,grim,9,17,D,D,1,1,21,16,free,model,scripted
70,grim,9,18,D,D,1,1,22,17,free,model,scripted
70,grim,9,19,D,D,1,1,23,18,free,model,scripted
70,grim,9,20,D,D,1,1,24,19,free,model,scripted
71,pavlov,9,1,D,C,5,0,5,0,free,model,scripted
71,pavlov,9,2,D,D,1,1,6,1,free,model,scripted
71,pavlov,9,3,D,C,5,0,11,1,free,model,scripted
71,pavlov,9,4,D,D,1,1,12,2,free,model,scripted
71,pavlov,9,5,D,C,5,0,17,2,free,model,scripted
71,pavlov,9,6,D,D,1,1,18,3,free,model,scripted
71,pavlov,9,7,D,C,5,0,23,3,free,model,scripted
71,pavlov,9,8,D,D,1,1,24,4,free,model,scripted
71,pavlov,9,9,D,C,5,0,29,4,free,model,scripted
71,pavlov,9,10,D,D,1,1,30,5,free,model,scripted
71,pavlov,9,11,D,C,5,0,35,5,free,model,scripted
71,pavlov,9,12,D,D,1,1,36,6,free,model,scripted
71,pavlov,9,13,D,C,5,0,41,6,free,model,scripted
71,pavlov,9,14,D,D,1,1,42,7,free,model,scripted
71,pavlov,9,15,D,C,5,0,47,7,free,model,scripted
71,pavlov,9,16,D,D,1,1,48,8,free,model,scripted
71,pavlov,9,17,D,C,5,0,53,8,free,model,scripted
71,pavlov,9,18,D,D,1,1,54,9,free,model,scripted
71,pavlov,9,19,D,C,5,0,59,9,free,model,scripted
71,pavlov,9,20,D,D,1,1,60,10,free,model,scripted
72,another_jev,9,1,D,D,1,1,1,1,free,model,model
72,another_jev,9,2,D,D,1,1,2,2,free,model,model
72,another_jev,9,3,D,D,1,1,3,3,free,model,model
72,another_jev,9,4,D,D,1,1,4,4,free,model,model
72,another_jev,9,5,D,D,1,1,5,5,free,model,model
72,another_jev,9,6,D,D,1,1,6,6,free,model,model
72,another_jev,9,7,D,D,1,1,7,7,free,model,model
72,another_jev,9,8,D,D,1,1,8,8,free,model,model
72,another_jev,9,9,D,D,1,1,9,9,free,model,model
72,another_jev,9,10,D,D,1,1,10,10,free,model,model
72,another_jev,9,11,D,D,1,1,11,11,free,model,model
72,another_jev,9,12,D,D,1,1,12,12,free,model,model
72,another_jev,9,13,D,D,1,1,13,13,free,model,model
72,another_jev,9,14,D,D,1,1,14,14,free,model,model
72,another_jev,9,15,D,D,1,1,15,15,free,model,model
72,another_jev,9,16,D,D,1,1,16,16,free,model,model
72,another_jev,9,17,D,D,1,1,17,17,free,model,model
72,another_jev,9,18,D,D,1,1,18,18,free,model,model
72,another_jev,9,19,D,D,1,1,19,19,free,model,model
72,another_jev,9,20,D,D,1,1,20,20,free,model,model
73,cooperator,10,1,D,C,5,0,5,0,free,model,scripted
73,cooperator,10,2,D,C,5,0,10,0,free,model,scripted
73,cooperator,10,3,D,C,5,0,15,0,free,model,scripted
73,cooperator,10,4,D,C,5,0,20,0,free,model,scripted
73,cooperator,10,5,D,C,5,0,25,0,free,model,scripted
73,cooperator,10,6,D,C,5,0,30,0,free,model,scripted
73,cooperator,10,7,D,C,5,0,35,0,free,model,scripted
73,cooperator,10,8,D,C,5,0,40,0,free,model,scripted
73,cooperator,10,9,D,C,5,0,45,0,free,model,scripted
73,cooperator,10,10,D,C,5,0,50,0,free,model,scripted
73,cooperator,10,11,D,C,5,0,55,0,free,model,scripted
73,cooperator,10,12,D,C,5,0,60,0,free,model,scripted
73,cooperator,10,13,D,C,5,0,65,0,free,model,scripted
73,cooperator,10,14,D,C,5,0,70,0,free,model,scripted
73,cooperator,10,15,D,C,5,0,75,0,free,model,scripted
73,cooperator,10,16,D,C,5,0,80,0,free,model,scripted
73,cooperator,10,17,D,C,5,0,85,0,free,model,scripted
73,cooperator,10,18,D,C,5,0,90,0,free,model,scripted
73,cooperator,10,19,D,C,5,0,95,0,free,model,scripted
73,cooperator,10,20,D,C,5,0,100,0,free,model,scripted
74,defector,10,1,D,D,1,1,1,1,free,model,scripted
74,defector,10,2,D,D,1,1,2,2,free,model,scripted
74,defector,10,3,D,D,1,1,3,3,free,model,scripted
74,defector,10,4,D,D,1,1,4,4,free,model,scripted
74,defector,10,5,D,D,1,1,5,5,free,model,scripted
74,defector,10,6,D,D,1,1,6,6,free,model,scripted
74,defector,10,7,D,D,1,1,7,7,free,model,scripted
74,defector,10,8,D,D,1,1,8,8,free,model,scripted
74,defector,10,9,D,D,1,1,9,9,free,model,scripted
74,defector,10,10,D,D,1,1,10,10,free,model,scripted
74,defector,10,11,D,D,1,1,11,11,free,model,scripted
74,defector,10,12,D,D,1,1,12,12,free,model,scripted
74,defector,10,13,D,D,1,1,13,13,free,model,scripted
74,defector,10,14,D,D,1,1,14,14,free,model,scripted
74,defector,10,15,D,D,1,1,15,15,free,model,scripted
74,defector,10,16,D,D,1,1,16,16,free,model,scripted
74,defector,10,17,D,D,1,1,17,17,free,model,scripted
74,defector,10,18,D,D,1,1,18,18,free,model,scripted
74,defector,10,19,D,D,1,1,19,19,free,model,scripted
74,defector,10,20,D,D,1,1,20,20,free,model,scripted
75,random,10,1,D,C,5,0,5,0,free,model,scripted
75,random,10,2,D,D,1,1,6,1,free,model,scripted
75,random,10,3,D,D,1,1,7,2,free,model,scripted
75,random,10,4,D,D,1,1,8,3,free,model,scripted
75,random,10,5,D,C,5,0,13,3,free,model,scripted
75,random,10,6,D,C,5,0,18,3,free,model,scripted
75,random,10,7,D,D,1,1,19,4,free,model,scripted
75,random,10,8,D,C,5,0,24,4,free,model,scripted
75,random,10,9,D,C,5,0,29,4,free,model,scripted
75,random,10,10,D,C,5,0,34,4,free,model,scripted
75,random,10,11,D,C,5,0,39,4,free,model,scripted
75,random,10,12,D,D,1,1,40,5,free,model,scripted
75,random,10,13,D,D,1,1,41,6,free,model,scripted
75,random,10,14,D,C,5,0,46,6,free,model,scripted
75,random,10,15,D,C,5,0,51,6,free,model,scripted
75,random,10,16,D,C,5,0,56,6,free,model,scripted
75,random,10,17,D,D,1,1,57,7,free,model,scripted
75,random,10,18,D,D,1,1,58,8,free,model,scripted
75,random,10,19,D,D,1,1,59,9,free,model,scripted
75,random,10,20,D,D,1,1,60,10,free,model,scripted
76,tit_for_tat,10,1,D,C,5,0,5,0,free,model,scripted
76,tit_for_tat,10,2,D,D,1,1,6,1,free,model,scripted
76,tit_for_tat,10,3,D,D,1,1,7,2,free,model,scripted
76,tit_for_tat,10,4,D,D,1,1,8,3,free,model,scripted
76,tit_for_tat,10,5,D,D,1,1,9,4,free,model,scripted
76,tit_for_tat,10,6,D,D,1,1,10,5,free,model,scripted
76,tit_for_tat,10,7,D,D,1,1,11,6,free,model,scripted
76,tit_for_tat,10,8,D,D,1,1,12,7,free,model,scripted
76,tit_for_tat,10,9,D,D,1,1,13,8,free,model,scripted
76,tit_for_tat,10,10,D,D,1,1,14,9,free,model,scripted
76,tit_for_tat,10,11,D,D,1,1,15,10,free,model,scripted
76,tit_for_tat,10,12,D,D,1,1,16,11,free,model,scripted
76,tit_for_tat,10,13,D,D,1,1,17,12,free,model,scripted
76,tit_for_tat,10,14,D,D,1,1,18,13,free,model,scripted
76,tit_for_tat,10,15,D,D,1,1,19,14,free,model,scripted
76,tit_for_tat,10,16,D,D,1,1,20,15,free,model,scripted
76,tit_for_tat,10,17,D,D,1,1,21,16,free,model,scripted
76,tit_for_tat,10,18,D,D,1,1,22,17,free,model,scripted
76,tit_for_tat,10,19,D,D,1,1,23,18,free,model,scripted
76,tit_for_tat,10,20,D,D,1,1,24,19,free,model,scripted
77,tit_for_two_tats,10,1,D,C,5,0,5,0,free,model,scripted
77,tit_for_two_tats,10,2,D,C,5,0,10,0,free,model,scripted
77,tit_for_two_tats,10,3,D,D,1,1,11,1,free,model,scripted
77,tit_for_two_tats,10,4,D,D,1,1,12,2,free,model,scripted
77,tit_for_two_tats,10,5,D,D,1,1,13,3,free,model,scripted
77,tit_for_two_tats,10,6,D,D,1,1,14,4,free,model,scripted
77,tit_for_two_tats,10,7,D,D,1,1,15,5,free,model,scripted
77,tit_for_two_tats,10,8,D,D,1,1,16,6,free,model,scripted
77,tit_for_two_tats,10,9,D,D,1,1,17,7,free,model,scripted
77,tit_for_two_tats,10,10,D,D,1,1,18,8,free,model,scripted
77,tit_for_two_tats,10,11,D,D,1,1,19,9,free,model,scripted
77,tit_for_two_tats,10,12,D,D,1,1,20,10,free,model,scripted
77,tit_for_two_tats,10,13,D,D,1,1,21,11,free,model,scripted
77,tit_for_two_tats,10,14,D,D,1,1,22,12,free,model,scripted
77,tit_for_two_tats,10,15,D,D,1,1,23,13,free,model,scripted
77,tit_for_two_tats,10,16,D,D,1,1,24,14,free,model,scripted
77,tit_for_two_tats,10,17,D,D,1,1,25,15,free,model,scripted
77,tit_for_two_tats,10,18,D,D,1,1,26,16,free,model,scripted
77,tit_for_two_tats,10,19,D,D,1,1,27,17,free,model,scripted
77,tit_for_two_tats,10,20,D,D,1,1,28,18,free,model,scripted
78,grim,10,1,D,C,5,0,5,0,free,model,scripted
78,grim,10,2,D,D,1,1,6,1,free,model,scripted
78,grim,10,3,D,D,1,1,7,2,free,model,scripted
78,grim,10,4,D,D,1,1,8,3,free,model,scripted
78,grim,10,5,D,D,1,1,9,4,free,model,scripted
78,grim,10,6,D,D,1,1,10,5,free,model,scripted
78,grim,10,7,D,D,1,1,11,6,free,model,scripted
78,grim,10,8,D,D,1,1,12,7,free,model,scripted
78,grim,10,9,D,D,1,1,13,8,free,model,scripted
78,grim,10,10,D,D,1,1,14,9,free,model,scripted
78,grim,10,11,D,D,1,1,15,10,free,model,scripted
78,grim,10,12,D,D,1,1,16,11,free,model,scripted
78,grim,10,13,D,D,1,1,17,12,free,model,scripted
78,grim,10,14,D,D,1,1,18,13,free,model,scripted
78,grim,10,15,D,D,1,1,19,14,free,model,scripted
78,grim,10,16,D,D,1,1,20,15,free,model,scripted
78,grim,10,17,D,D,1,1,21,16,free,model,scripted
78,grim,10,18,D,D,1,1,22,17,free,model,scripted
78,grim,10,19,D,D,1,1,23,18,free,model,scripted
78,grim,10,20,D,D,1,1,24,19,free,model,scripted
79,pavlov,10,1,D,C,5,0,5,0,free,model,scripted
79,pavlov,10,2,D,D,1,1,6,1,free,model,scripted
79,pavlov,10,3,D,C,5,0,11,1,free,model,scripted
79,pavlov,10,4,D,D,1,1,12,2,free,model,scripted
79,pavlov,10,5,D,C,5,0,17,2,free,model,scripted
79,pavlov,10,6,D,D,1,1,18,3,free,model,scripted
79,pavlov,10,7,D,C,5,0,23,3,free,model,scripted
79,pavlov,10,8,D,D,1,1,24,4,free,model,scripted
79,pavlov,10,9,D,C,5,0,29,4,free,model,scripted
79,pavlov,10,10,D,D,1,1,30,5,free,model,scripted
79,pavlov,10,11,D,C,5,0,35,5,free,model,scripted
79,pavlov,10,12,D,D,1,1,36,6,free,model,scripted
79,pavlov,10,13,D,C,5,0,41,6,free,model,scripted
79,pavlov,10,14,D,D,1,1,42,7,free,model,scripted
79,pavlov,10,15,D,C,5,0,47,7,free,model,scripted
79,pavlov,10,16,D,D,1,1,48,8,free,model,scripted
79,pavlov,10,17,D,C,5,0,53,8,free,model,scripted
79,pavlov,10,18,D,D,1,1,54,9,free,model,scripted
79,pavlov,10,19,D,C,5,0,59,9,free,model,scripted
79,pavlov,10,20,D,D,1,1,60,10,free,model,scripted
80,another_jev,10,1,D,D,1,1,1,1,free,model,model
80,another_jev,10,2,D,D,1,1,2,2,free,model,model
80,another_jev,10,3,D,D,1,1,3,3,free,model,model
80,another_jev,10,4,D,D,1,1,4,4,free,model,model
80,another_jev,10,5,D,D,1,1,5,5,free,model,model
80,another_jev,10,6,D,D,1,1,6,6,free,model,model
80,another_jev,10,7,D,D,1,1,7,7,free,model,model
80,another_jev,10,8,D,D,1,1,8,8,free,model,model
80,another_jev,10,9,D,D,1,1,9,9,free,model,model
80,another_jev,10,10,D,D,1,1,10,10,free,model,model
80,another_jev,10,11,D,D,1,1,11,11,free,model,model
80,another_jev,10,12,D,D,1,1,12,12,free,model,model
80,another_jev,10,13,D,D,1,1,13,13,free,model,model
80,another_jev,10,14,D,D,1,1,14,14,free,model,model
80,another_jev,10,15,D,D,1,1,15,15,free,model,model
80,another_jev,10,16,D,D,1,1,16,16,free,model,model
80,another_jev,10,17,D,D,1,1,17,17,free,model,model
80,another_jev,10,18,D,D,1,1,18,18,free,model,model
80,another_jev,10,19,D,D,1,1,19,19,free,model,model
80,another_jev,10,20,D,D,1,1,20,20,free,model,model
81,cooperator,11,1,C,C,3,3,3,3,free,model,scripted
81,cooperator,11,2,C,C,3,3,6,6,free,model,scripted
81,cooperator,11,3,C,C,3,3,9,9,free,model,scripted
81,cooperator,11,4,C,C,3,3,12,12,free,model,scripted
81,cooperator,11,5,C,C,3,3,15,15,free,model,scripted
81,cooperator,11,6,C,C,3,3,18,18,free,model,scripted
81,cooperator,11,7,C,C,3,3,21,21,free,model,scripted
81,cooperator,11,8,C,C,3,3,24,24,free,model,scripted
81,cooperator,11,9,C,C,3,3,27,27,free,model,scripted
81,cooperator,11,10,C,C,3,3,30,30,free,model,scripted
81,cooperator,11,11,C,C,3,3,33,33,free,model,scripted
81,cooperator,11,12,C,C,3,3,36,36,free,model,scripted
81,cooperator,11,13,C,C,3,3,39,39,free,model,scripted
81,cooperator,11,14,C,C,3,3,42,42,free,model,scripted
81,cooperator,11,15,C,C,3,3,45,45,free,model,scripted
81,cooperator,11,16,C,C,3,3,48,48,free,model,scripted
81,cooperator,11,17,C,C,3,3,51,51,free,model,scripted
81,cooperator,11,18,C,C,3,3,54,54,free,model,scripted
81,cooperator,11,19,C,C,3,3,57,57,free,model,scripted
81,cooperator,11,20,C,C,3,3,60,60,free,model,scripted
82,defector,11,1,C,D,0,5,0,5,free,model,scripted
82,defector,11,2,D,D,1,1,1,6,free,model,scripted
82,defector,11,3,D,D,1,1,2,7,free,model,scripted
82,defector,11,4,D,D,1,1,3,8,free,model,scripted
82,defector,11,5,D,D,1,1,4,9,free,model,scripted
82,defector,11,6,D,D,1,1,5,10,free,model,scripted
82,defector,11,7,D,D,1,1,6,11,free,model,scripted
82,defector,11,8,D,D,1,1,7,12,free,model,scripted
82,defector,11,9,D,D,1,1,8,13,free,model,scripted
82,defector,11,10,D,D,1,1,9,14,free,model,scripted
82,defector,11,11,D,D,1,1,10,15,free,model,scripted
82,defector,11,12,D,D,1,1,11,16,free,model,scripted
82,defector,11,13,D,D,1,1,12,17,free,model,scripted
82,defector,11,14,D,D,1,1,13,18,free,model,scripted
82,defector,11,15,D,D,1,1,14,19,free,model,scripted
82,defector,11,16,D,D,1,1,15,20,free,model,scripted
82,defector,11,17,D,D,1,1,16,21,free,model,scripted
82,defector,11,18,D,D,1,1,17,22,free,model,scripted
82,defector,11,19,D,D,1,1,18,23,free,model,scripted
82,defector,11,20,D,D,1,1,19,24,free,model,scripted
83,random,11,1,C,C,3,3,3,3,free,model,scripted
83,random,11,2,C,D,0,5,3,8,free,model,scripted
83,random,11,3,D,C,5,0,8,8,free,model,scripted
83,random,11,4,D,D,1,1,9,9,free,model,scripted
83,random,11,5,D,D,1,1,10,10,free,model,scripted
83,random,11,6,D,D,1,1,11,11,free,model,scripted
83,random,11,7,D,C,5,0,16,11,free,model,scripted
83,random,11,8,D,D,1,1,17,12,free,model,scripted
83,random,11,9,D,C,5,0,22,12,free,model,scripted
83,random,11,10,D,D,1,1,23,13,free,model,scripted
83,random,11,11,D,D,1,1,24,14,free,model,scripted
83,random,11,12,D,D,1,1,25,15,free,model,scripted
83,random,11,13,D,D,1,1,26,16,free,model,scripted
83,random,11,14,D,D,1,1,27,17,free,model,scripted
83,random,11,15,D,D,1,1,28,18,free,model,scripted
83,random,11,16,D,C,5,0,33,18,free,model,scripted
83,random,11,17,D,D,1,1,34,19,free,model,scripted
83,random,11,18,D,D,1,1,35,20,free,model,scripted
83,random,11,19,D,C,5,0,40,20,free,model,scripted
83,random,11,20,D,D,1,1,41,21,free,model,scripted
84,tit_for_tat,11,1,D,C,5,0,5,0,free,model,scripted
84,tit_for_tat,11,2,D,D,1,1,6,1,free,model,scripted
84,tit_for_tat,11,3,D,D,1,1,7,2,free,model,scripted
84,tit_for_tat,11,4,D,D,1,1,8,3,free,model,scripted
84,tit_for_tat,11,5,D,D,1,1,9,4,free,model,scripted
84,tit_for_tat,11,6,D,D,1,1,10,5,free,model,scripted
84,tit_for_tat,11,7,D,D,1,1,11,6,free,model,scripted
84,tit_for_tat,11,8,D,D,1,1,12,7,free,model,scripted
84,tit_for_tat,11,9,D,D,1,1,13,8,free,model,scripted
84,tit_for_tat,11,10,D,D,1,1,14,9,free,model,scripted
84,tit_for_tat,11,11,D,D,1,1,15,10,free,model,scripted
84,tit_for_tat,11,12,D,D,1,1,16,11,free,model,scripted
84,tit_for_tat,11,13,D,D,1,1,17,12,free,model,scripted
84,tit_for_tat,11,14,D,D,1,1,18,13,free,model,scripted
84,tit_for_tat,11,15,D,D,1,1,19,14,free,model,scripted
84,tit_for_tat,11,16,D,D,1,1,20,15,free,model,scripted
84,tit_for_tat,11,17,D,D,1,1,21,16,free,model,scripted
84,tit_for_tat,11,18,D,D,1,1,22,17,free,model,scripted
84,tit_for_tat,11,19,D,D,1,1,23,18,free,model,scripted
84,tit_for_tat,11,20,D,D,1,1,24,19,free,model,scripted
85,tit_for_two_tats,11,1,C,C,3,3,3,3,free,model,scripted
85,tit_for_two_tats,11,2,C,C,3,3,6,6,free,model,scripted
85,tit_for_two_tats,11,3,C,C,3,3,9,9,free,model,scripted
85,tit_for_two_tats,11,4,C,C,3,3,12,12,free,model,scripted
85,tit_for_two_tats,11,5,C,C,3,3,15,15,free,model,scripted
85,tit_for_two_tats,11,6,C,C,3,3,18,18,free,model,scripted
85,tit_for_two_tats,11,7,C,C,3,3,21,21,free,model,scripted
85,tit_for_two_tats,11,8,C,C,3,3,24,24,free,model,scripted
85,tit_for_two_tats,11,9,C,C,3,3,27,27,free,model,scripted
85,tit_for_two_tats,11,10,C,C,3,3,30,30,free,model,scripted
85,tit_for_two_tats,11,11,C,C,3,3,33,33,free,model,scripted
85,tit_for_two_tats,11,12,C,C,3,3,36,36,free,model,scripted
85,tit_for_two_tats,11,13,C,C,3,3,39,39,free,model,scripted
85,tit_for_two_tats,11,14,C,C,3,3,42,42,free,model,scripted
85,tit_for_two_tats,11,15,C,C,3,3,45,45,free,model,scripted
85,tit_for_two_tats,11,16,C,C,3,3,48,48,free,model,scripted
85,tit_for_two_tats,11,17,C,C,3,3,51,51,free,model,scripted
85,tit_for_two_tats,11,18,C,C,3,3,54,54,free,model,scripted
85,tit_for_two_tats,11,19,C,C,3,3,57,57,free,model,scripted
85,tit_for_two_tats,11,20,C,C,3,3,60,60,free,model,scripted
86,grim,11,1,D,C,5,0,5,0,free,model,scripted
86,grim,11,2,D,D,1,1,6,1,free,model,scripted
86,grim,11,3,D,D,1,1,7,2,free,model,scripted
86,grim,11,4,D,D,1,1,8,3,free,model,scripted
86,grim,11,5,D,D,1,1,9,4,free,model,scripted
86,grim,11,6,D,D,1,1,10,5,free,model,scripted
86,grim,11,7,D,D,1,1,11,6,free,model,scripted
86,grim,11,8,D,D,1,1,12,7,free,model,scripted
86,grim,11,9,D,D,1,1,13,8,free,model,scripted
86,grim,11,10,D,D,1,1,14,9,free,model,scripted
86,grim,11,11,D,D,1,1,15,10,free,model,scripted
86,grim,11,12,D,D,1,1,16,11,free,model,scripted
86,grim,11,13,D,D,1,1,17,12,free,model,scripted
86,grim,11,14,D,D,1,1,18,13,free,model,scripted
86,grim,11,15,D,D,1,1,19,14,free,model,scripted
86,grim,11,16,D,D,1,1,20,15,free,model,scripted
86,grim,11,17,D,D,1,1,21,16,free,model,scripted
86,grim,11,18,D,D,1,1,22,17,free,model,scripted
86,grim,11,19,D,D,1,1,23,18,free,model,scripted
86,grim,11,20,D,D,1,1,24,19,free,model,scripted
87,pavlov,11,1,D,C,5,0,5,0,free,model,scripted
87,pavlov,11,2,D,D,1,1,6,1,free,model,scripted
87,pavlov,11,3,D,C,5,0,11,1,free,model,scripted
87,pavlov,11,4,D,D,1,1,12,2,free,model,scripted
87,pavlov,11,5,D,C,5,0,17,2,free,model,scripted
87,pavlov,11,6,D,D,1,1,18,3,free,model,scripted
87,pavlov,11,7,D,C,5,0,23,3,free,model,scripted
87,pavlov,11,8,D,D,1,1,24,4,free,model,scripted
87,pavlov,11,9,D,C,5,0,29,4,free,model,scripted
87,pavlov,11,10,D,D,1,1,30,5,free,model,scripted
87,pavlov,11,11,D,C,5,0,35,5,free,model,scripted
87,pavlov,11,12,D,D,1,1,36,6,free,model,scripted
87,pavlov,11,13,D,C,5,0,41,6,free,model,scripted
87,pavlov,11,14,D,D,1,1,42,7,free,model,scripted
87,pavlov,11,15,D,C,5,0,47,7,free,model,scripted
87,pavlov,11,16,D,D,1,1,48,8,free,model,scripted
87,pavlov,11,17,D,C,5,0,53,8,free,model,scripted
87,pavlov,11,18,D,D,1,1,54,9,free,model,scripted
87,pavlov,11,19,D,C,5,0,59,9,free,model,scripted
87,pavlov,11,20,D,D,1,1,60,10,free,model,scripted
88,another_jev,11,1,D,C,5,0,5,0,free,model,model
88,another_jev,11,2,D,D,1,1,6,1,free,model,model
88,another_jev,11,3,D,D,1,1,7,2,free,model,model
88,another_jev,11,4,D,D,1,1,8,3,free,model,model
88,another_jev,11,5,D,D,1,1,9,4,free,model,model
88,another_jev,11,6,D,D,1,1,10,5,free,model,model
88,another_jev,11,7,D,D,1,1,11,6,free,model,model
88,another_jev,11,8,D,D,1,1,12,7,free,model,model
88,another_jev,11,9,D,D,1,1,13,8,free,model,model
88,another_jev,11,10,D,D,1,1,14,9,free,model,model
88,another_jev,11,11,D,D,1,1,15,10,free,model,model
88,another_jev,11,12,D,D,1,1,16,11,free,model,model
88,another_jev,11,13,D,D,1,1,17,12,free,model,model
88,another_jev,11,14,D,D,1,1,18,13,free,model,model
88,another_jev,11,15,D,D,1,1,19,14,free,model,model
88,another_jev,11,16,D,D,1,1,20,15,free,model,model
88,another_jev,11,17,D,D,1,1,21,16,free,model,model
88,another_jev,11,18,D,D,1,1,22,17,free,model,model
88,another_jev,11,19,D,D,1,1,23,18,free,model,model
88,another_jev,11,20,D,D,1,1,24,19,free,model,model
89,cooperator,12,1,D,C,5,0,5,0,free,model,scripted
89,cooperator,12,2,D,C,5,0,10,0,free,model,scripted
89,cooperator,12,3,D,C,5,0,15,0,free,model,scripted
89,cooperator,12,4,D,C,5,0,20,0,free,model,scripted
89,cooperator,12,5,D,C,5,0,25,0,free,model,scripted
89,cooperator,12,6,D,C,5,0,30,0,free,model,scripted
89,cooperator,12,7,D,C,5,0,35,0,free,model,scripted
89,cooperator,12,8,D,C,5,0,40,0,free,model,scripted
89,cooperator,12,9,D,C,5,0,45,0,free,model,scripted
89,cooperator,12,10,D,C,5,0,50,0,free,model,scripted
89,cooperator,12,11,D,C,5,0,55,0,free,model,scripted
89,cooperator,12,12,D,C,5,0,60,0,free,model,scripted
89,cooperator,12,13,D,C,5,0,65,0,free,model,scripted
89,cooperator,12,14,D,C,5,0,70,0,free,model,scripted
89,cooperator,12,15,D,C,5,0,75,0,free,model,scripted
89,cooperator,12,16,D,C,5,0,80,0,free,model,scripted
89,cooperator,12,17,D,C,5,0,85,0,free,model,scripted
89,cooperator,12,18,D,C,5,0,90,0,free,model,scripted
89,cooperator,12,19,D,C,5,0,95,0,free,model,scripted
89,cooperator,12,20,D,C,5,0,100,0,free,model,scripted
90,defector,12,1,D,D,1,1,1,1,free,model,scripted
90,defector,12,2,D,D,1,1,2,2,free,model,scripted
90,defector,12,3,D,D,1,1,3,3,free,model,scripted
90,defector,12,4,D,D,1,1,4,4,free,model,scripted
90,defector,12,5,D,D,1,1,5,5,free,model,scripted
90,defector,12,6,D,D,1,1,6,6,free,model,scripted
90,defector,12,7,D,D,1,1,7,7,free,model,scripted
90,defector,12,8,D,D,1,1,8,8,free,model,scripted
90,defector,12,9,D,D,1,1,9,9,free,model,scripted
90,defector,12,10,D,D,1,1,10,10,free,model,scripted
90,defector,12,11,D,D,1,1,11,11,free,model,scripted
90,defector,12,12,D,D,1,1,12,12,free,model,scripted
90,defector,12,13,D,D,1,1,13,13,free,model,scripted
90,defector,12,14,D,D,1,1,14,14,free,model,scripted
90,defector,12,15,D,D,1,1,15,15,free,model,scripted
90,defector,12,16,D,D,1,1,16,16,free,model,scripted
90,defector,12,17,D,D,1,1,17,17,free,model,scripted
90,defector,12,18,D,D,1,1,18,18,free,model,scripted
90,defector,12,19,D,D,1,1,19,19,free,model,scripted
90,defector,12,20,D,D,1,1,20,20,free,model,scripted
91,random,12,1,D,D,1,1,1,1,free,model,scripted
91,random,12,2,D,C,5,0,6,1,free,model,scripted
91,random,12,3,D,C,5,0,11,1,free,model,scripted
91,random,12,4,D,D,1,1,12,2,free,model,scripted
91,random,12,5,D,D,1,1,13,3,free,model,scripted
91,random,12,6,D,D,1,1,14,4,free,model,scripted
91,random,12,7,D,C,5,0,19,4,free,model,scripted
91,random,12,8,D,C,5,0,24,4,free,model,scripted
91,random,12,9,D,D,1,1,25,5,free,model,scripted
91,random,12,10,D,D,1,1,26,6,free,model,scripted
91,random,12,11,D,D,1,1,27,7,free,model,scripted
91,random,12,12,D,C,5,0,32,7,free,model,scripted
91,random,12,13,D,D,1,1,33,8,free,model,scripted
91,random,12,14,D,D,1,1,34,9,free,model,scripted
91,random,12,15,D,D,1,1,35,10,free,model,scripted
91,random,12,16,D,D,1,1,36,11,free,model,scripted
91,random,12,17,D,D,1,1,37,12,free,model,scripted
91,random,12,18,D,D,1,1,38,13,free,model,scripted
91,random,12,19,D,D,1,1,39,14,free,model,scripted
91,random,12,20,D,C,5,0,44,14,free,model,scripted
92,tit_for_tat,12,1,D,C,5,0,5,0,free,model,scripted
92,tit_for_tat,12,2,D,D,1,1,6,1,free,model,scripted
92,tit_for_tat,12,3,D,D,1,1,7,2,free,model,scripted
92,tit_for_tat,12,4,D,D,1,1,8,3,free,model,scripted
92,tit_for_tat,12,5,D,D,1,1,9,4,free,model,scripted
92,tit_for_tat,12,6,D,D,1,1,10,5,free,model,scripted
92,tit_for_tat,12,7,D,D,1,1,11,6,free,model,scripted
92,tit_for_tat,12,8,D,D,1,1,12,7,free,model,scripted
92,tit_for_tat,12,9,D,D,1,1,13,8,free,model,scripted
92,tit_for_tat,12,10,D,D,1,1,14,9,free,model,scripted
92,tit_for_tat,12,11,D,D,1,1,15,10,free,model,scripted
92,tit_for_tat,12,12,D,D,1,1,16,11,free,model,scripted
92,tit_for_tat,12,13,D,D,1,1,17,12,free,model,scripted
92,tit_for_tat,12,14,D,D,1,1,18,13,free,model,scripted
92,tit_for_tat,12,15,D,D,1,1,19,14,free,model,scripted
92,tit_for_tat,12,16,D,D,1,1,20,15,free,model,scripted
92,tit_for_tat,12,17,D,D,1,1,21,16,free,model,scripted
92,tit_for_tat,12,18,D,D,1,1,22,17,free,model,scripted
92,tit_for_tat,12,19,D,D,1,1,23,18,free,model,scripted
92,tit_for_tat,12,20,D,D,1,1,24,19,free,model,scripted
93,tit_for_two_tats,12,1,C,C,3,3,3,3,free,model,scripted
93,tit_for_two_tats,12,2,C,C,3,3,6,6,free,model,scripted
93,tit_for_two_tats,12,3,C,C,3,3,9,9,free,model,scripted
93,tit_for_two_tats,12,4,C,C,3,3,12,12,free,model,scripted
93,tit_for_two_tats,12,5,C,C,3,3,15,15,free,model,scripted
93,tit_for_two_tats,12,6,C,C,3,3,18,18,free,model,scripted
93,tit_for_two_tats,12,7,C,C,3,3,21,21,free,model,scripted
93,tit_for_two_tats,12,8,C,C,3,3,24,24,free,model,scripted
93,tit_for_two_tats,12,9,C,C,3,3,27,27,free,model,scripted
93,tit_for_two_tats,12,10,C,C,3,3,30,30,free,model,scripted
93,tit_for_two_tats,12,11,C,C,3,3,33,33,free,model,scripted
93,tit_for_two_tats,12,12,C,C,3,3,36,36,free,model,scripted
93,tit_for_two_tats,12,13,C,C,3,3,39,39,free,model,scripted
93,tit_for_two_tats,12,14,C,C,3,3,42,42,free,model,scripted
93,tit_for_two_tats,12,15,C,C,3,3,45,45,free,model,scripted
93,tit_for_two_tats,12,16,C,C,3,3,48,48,free,model,scripted
93,tit_for_two_tats,12,17,C,C,3,3,51,51,free,model,scripted
93,tit_for_two_tats,12,18,C,C,3,3,54,54,free,model,scripted
93,tit_for_two_tats,12,19,C,C,3,3,57,57,free,model,scripted
93,tit_for_two_tats,12,20,C,C,3,3,60,60,free,model,scripted
94,grim,12,1,D,C,5,0,5,0,free,model,scripted
94,grim,12,2,D,D,1,1,6,1,free,model,scripted
94,grim,12,3,D,D,1,1,7,2,free,model,scripted
94,grim,12,4,D,D,1,1,8,3,free,model,scripted
94,grim,12,5,D,D,1,1,9,4,free,model,scripted
94,grim,12,6,D,D,1,1,10,5,free,model,scripted
94,grim,12,7,D,D,1,1,11,6,free,model,scripted
94,grim,12,8,D,D,1,1,12,7,free,model,scripted
94,grim,12,9,D,D,1,1,13,8,free,model,scripted
94,grim,12,10,D,D,1,1,14,9,free,model,scripted
94,grim,12,11,D,D,1,1,15,10,free,model,scripted
94,grim,12,12,D,D,1,1,16,11,free,model,scripted
94,grim,12,13,D,D,1,1,17,12,free,model,scripted
94,grim,12,14,D,D,1,1,18,13,free,model,scripted
94,grim,12,15,D,D,1,1,19,14,free,model,scripted
94,grim,12,16,D,D,1,1,20,15,free,model,scripted
94,grim,12,17,D,D,1,1,21,16,free,model,scripted
94,grim,12,18,D,D,1,1,22,17,free,model,scripted
94,grim,12,19,D,D,1,1,23,18,free,model,scripted
94,grim,12,20,D,D,1,1,24,19,free,model,scripted
95,pavlov,12,1,D,C,5,0,5,0,free,model,scripted
95,pavlov,12,2,D,D,1,1,6,1,free,model,scripted
95,pavlov,12,3,D,C,5,0,11,1,free,model,scripted
95,pavlov,12,4,D,D,1,1,12,2,free,model,scripted
95,pavlov,12,5,D,C,5,0,17,2,free,model,scripted
95,pavlov,12,6,D,D,1,1,18,3,free,model,scripted
95,pavlov,12,7,D,C,5,0,23,3,free,model,scripted
95,pavlov,12,8,D,D,1,1,24,4,free,model,scripted
95,pavlov,12,9,D,C,5,0,29,4,free,model,scripted
95,pavlov,12,10,D,D,1,1,30,5,free,model,scripted
95,pavlov,12,11,D,C,5,0,35,5,free,model,scripted
95,pavlov,12,12,D,D,1,1,36,6,free,model,scripted
95,pavlov,12,13,D,C,5,0,41,6,free,model,scripted
95,pavlov,12,14,D,D,1,1,42,7,free,model,scripted
95,pavlov,12,15,D,C,5,0,47,7,free,model,scripted
95,pavlov,12,16,D,D,1,1,48,8,free,model,scripted
95,pavlov,12,17,D,C,5,0,53,8,free,model,scripted
95,pavlov,12,18,D,D,1,1,54,9,free,model,scripted
95,pavlov,12,19,D,C,5,0,59,9,free,model,scripted
95,pavlov,12,20,D,D,1,1,60,10,free,model,scripted
96,another_jev,12,1,D,C,5,0,5,0,free,model,model
96,another_jev,12,2,D,D,1,1,6,1,free,model,model
96,another_jev,12,3,D,D,1,1,7,2,free,model,model
96,another_jev,12,4,D,D,1,1,8,3,free,model,model
96,another_jev,12,5,D,D,1,1,9,4,free,model,model
96,another_jev,12,6,D,D,1,1,10,5,free,model,model
96,another_jev,12,7,D,D,1,1,11,6,free,model,model
96,another_jev,12,8,D,D,1,1,12,7,free,model,model
96,another_jev,12,9,D,D,1,1,13,8,free,model,model
96,another_jev,12,10,D,D,1,1,14,9,free,model,model
96,another_jev,12,11,D,D,1,1,15,10,free,model,model
96,another_jev,12,12,D,D,1,1,16,11,free,model,model
96,another_jev,12,13,D,D,1,1,17,12,free,model,model
96,another_jev,12,14,D,D,1,1,18,13,free,model,model
96,another_jev,12,15,D,D,1,1,19,14,free,model,model
96,another_jev,12,16,D,D,1,1,20,15,free,model,model
96,another_jev,12,17,D,D,1,1,21,16,free,model,model
96,another_jev,12,18,D,D,1,1,22,17,free,model,model
96,another_jev,12,19,D,D,1,1,23,18,free,model,model
96,another_jev,12,20,D,D,1,1,24,19,free,model,model
97,cooperator,13,1,D,C,5,0,5,0,free,model,scripted
97,cooperator,13,2,D,C,5,0,10,0,free,model,scripted
97,cooperator,13,3,D,C,5,0,15,0,free,model,scripted
97,cooperator,13,4,D,C,5,0,20,0,free,model,scripted
97,cooperator,13,5,D,C,5,0,25,0,free,model,scripted
97,cooperator,13,6,D,C,5,0,30,0,free,model,scripted
97,cooperator,13,7,D,C,5,0,35,0,free,model,scripted
97,cooperator,13,8,D,C,5,0,40,0,free,model,scripted
97,cooperator,13,9,D,C,5,0,45,0,free,model,scripted
97,cooperator,13,10,D,C,5,0,50,0,free,model,scripted
97,cooperator,13,11,D,C,5,0,55,0,free,model,scripted
97,cooperator,13,12,D,C,5,0,60,0,free,model,scripted
97,cooperator,13,13,D,C,5,0,65,0,free,model,scripted
97,cooperator,13,14,D,C,5,0,70,0,free,model,scripted
97,cooperator,13,15,D,C,5,0,75,0,free,model,scripted
97,cooperator,13,16,D,C,5,0,80,0,free,model,scripted
97,cooperator,13,17,D,C,5,0,85,0,free,model,scripted
97,cooperator,13,18,D,C,5,0,90,0,free,model,scripted
97,cooperator,13,19,D,C,5,0,95,0,free,model,scripted
97,cooperator,13,20,D,C,5,0,100,0,free,model,scripted
98,defector,13,1,D,D,1,1,1,1,free,model,scripted
98,defector,13,2,D,D,1,1,2,2,free,model,scripted
98,defector,13,3,D,D,1,1,3,3,free,model,scripted
98,defector,13,4,D,D,1,1,4,4,free,model,scripted
98,defector,13,5,D,D,1,1,5,5,free,model,scripted
98,defector,13,6,D,D,1,1,6,6,free,model,scripted
98,defector,13,7,D,D,1,1,7,7,free,model,scripted
98,defector,13,8,D,D,1,1,8,8,free,model,scripted
98,defector,13,9,D,D,1,1,9,9,free,model,scripted
98,defector,13,10,D,D,1,1,10,10,free,model,scripted
98,defector,13,11,D,D,1,1,11,11,free,model,scripted
98,defector,13,12,D,D,1,1,12,12,free,model,scripted
98,defector,13,13,D,D,1,1,13,13,free,model,scripted
98,defector,13,14,D,D,1,1,14,14,free,model,scripted
98,defector,13,15,D,D,1,1,15,15,free,model,scripted
98,defector,13,16,D,D,1,1,16,16,free,model,scripted
98,defector,13,17,D,D,1,1,17,17,free,model,scripted
98,defector,13,18,D,D,1,1,18,18,free,model,scripted
98,defector,13,19,D,D,1,1,19,19,free,model,scripted
98,defector,13,20,D,D,1,1,20,20,free,model,scripted
99,random,13,1,C,D,0,5,0,5,free,model,scripted
99,random,13,2,D,C,5,0,5,5,free,model,scripted
99,random,13,3,D,D,1,1,6,6,free,model,scripted
99,random,13,4,D,D,1,1,7,7,free,model,scripted
99,random,13,5,D,D,1,1,8,8,free,model,scripted
99,random,13,6,D,C,5,0,13,8,free,model,scripted
99,random,13,7,D,C,5,0,18,8,free,model,scripted
99,random,13,8,D,D,1,1,19,9,free,model,scripted
99,random,13,9,D,C,5,0,24,9,free,model,scripted
99,random,13,10,D,C,5,0,29,9,free,model,scripted
99,random,13,11,D,C,5,0,34,9,free,model,scripted
99,random,13,12,D,C,5,0,39,9,free,model,scripted
99,random,13,13,D,D,1,1,40,10,free,model,scripted
99,random,13,14,D,D,1,1,41,11,free,model,scripted
99,random,13,15,D,D,1,1,42,12,free,model,scripted
99,random,13,16,D,C,5,0,47,12,free,model,scripted
99,random,13,17,D,D,1,1,48,13,free,model,scripted
99,random,13,18,D,C,5,0,53,13,free,model,scripted
99,random,13,19,D,C,5,0,58,13,free,model,scripted
99,random,13,20,D,D,1,1,59,14,free,model,scripted
100,tit_for_tat,13,1,C,C,3,3,3,3,free,model,scripted
100,tit_for_tat,13,2,C,C,3,3,6,6,free,model,scripted
100,tit_for_tat,13,3,C,C,3,3,9,9,free,model,scripted
100,tit_for_tat,13,4,C,C,3,3,12,12,free,model,scripted
100,tit_for_tat,13,5,C,C,3,3,15,15,free,model,scripted
100,tit_for_tat,13,6,C,C,3,3,18,18,free,model,scripted
100,tit_for_tat,13,7,C,C,3,3,21,21,free,model,scripted
100,tit_for_tat,13,8,C,C,3,3,24,24,free,model,scripted
100,tit_for_tat,13,9,C,C,3,3,27,27,free,model,scripted
100,tit_for_tat,13,10,C,C,3,3,30,30,free,model,scripted
100,tit_for_tat,13,11,C,C,3,3,33,33,free,model,scripted
100,tit_for_tat,13,12,C,C,3,3,36,36,free,model,scripted
100,tit_for_tat,13,13,C,C,3,3,39,39,free,model,scripted
100,tit_for_tat,13,14,C,C,3,3,42,42,free,model,scripted
100,tit_for_tat,13,15,C,C,3,3,45,45,free,model,scripted
100,tit_for_tat,13,16,C,C,3,3,48,48,free,model,scripted
100,tit_for_tat,13,17,C,C,3,3,51,51,free,model,scripted
100,tit_for_tat,13,18,C,C,3,3,54,54,free,model,scripted
100,tit_for_tat,13,19,C,C,3,3,57,57,free,model,scripted
100,tit_for_tat,13,20,C,C,3,3,60,60,free,model,scripted
101,tit_for_two_tats,13,1,D,C,5,0,5,0,free,model,scripted
101,tit_for_two_tats,13,2,D,C,5,0,10,0,free,model,scripted
101,tit_for_two_tats,13,3,D,D,1,1,11,1,free,model,scripted
101,tit_for_two_tats,13,4,D,D,1,1,12,2,free,model,scripted
101,tit_for_two_tats,13,5,D,D,1,1,13,3,free,model,scripted
101,tit_for_two_tats,13,6,D,D,1,1,14,4,free,model,scripted
101,tit_for_two_tats,13,7,D,D,1,1,15,5,free,model,scripted
101,tit_for_two_tats,13,8,D,D,1,1,16,6,free,model,scripted
101,tit_for_two_tats,13,9,D,D,1,1,17,7,free,model,scripted
101,tit_for_two_tats,13,10,D,D,1,1,18,8,free,model,scripted
101,tit_for_two_tats,13,11,D,D,1,1,19,9,free,model,scripted
101,tit_for_two_tats,13,12,D,D,1,1,20,10,free,model,scripted
101,tit_for_two_tats,13,13,D,D,1,1,21,11,free,model,scripted
101,tit_for_two_tats,13,14,D,D,1,1,22,12,free,model,scripted
101,tit_for_two_tats,13,15,D,D,1,1,23,13,free,model,scripted
101,tit_for_two_tats,13,16,D,D,1,1,24,14,free,model,scripted
101,tit_for_two_tats,13,17,D,D,1,1,25,15,free,model,scripted
101,tit_for_two_tats,13,18,D,D,1,1,26,16,free,model,scripted
101,tit_for_two_tats,13,19,D,D,1,1,27,17,free,model,scripted
101,tit_for_two_tats,13,20,D,D,1,1,28,18,free,model,scripted
102,grim,13,1,D,C,5,0,5,0,free,model,scripted
102,grim,13,2,D,D,1,1,6,1,free,model,scripted
102,grim,13,3,D,D,1,1,7,2,free,model,scripted
102,grim,13,4,D,D,1,1,8,3,free,model,scripted
102,grim,13,5,D,D,1,1,9,4,free,model,scripted
102,grim,13,6,D,D,1,1,10,5,free,model,scripted
102,grim,13,7,D,D,1,1,11,6,free,model,scripted
102,grim,13,8,D,D,1,1,12,7,free,model,scripted
102,grim,13,9,D,D,1,1,13,8,free,model,scripted
102,grim,13,10,D,D,1,1,14,9,free,model,scripted
102,grim,13,11,D,D,1,1,15,10,free,model,scripted
102,grim,13,12,D,D,1,1,16,11,free,model,scripted
102,grim,13,13,D,D,1,1,17,12,free,model,scripted
102,grim,13,14,D,D,1,1,18,13,free,model,scripted
102,grim,13,15,D,D,1,1,19,14,free,model,scripted
102,grim,13,16,D,D,1,1,20,15,free,model,scripted
102,grim,13,17,D,D,1,1,21,16,free,model,scripted
102,grim,13,18,D,D,1,1,22,17,free,model,scripted
102,grim,13,19,D,D,1,1,23,18,free,model,scripted
102,grim,13,20,D,D,1,1,24,19,free,model,scripted
103,pavlov,13,1,C,C,3,3,3,3,free,model,scripted
103,pavlov,13,2,C,C,3,3,6,6,free,model,scripted
103,pavlov,13,3,C,C,3,3,9,9,free,model,scripted
103,pavlov,13,4,C,C,3,3,12,12,free,model,scripted
103,pavlov,13,5,C,C,3,3,15,15,free,model,scripted
103,pavlov,13,6,C,C,3,3,18,18,free,model,scripted
103,pavlov,13,7,C,C,3,3,21,21,free,model,scripted
103,pavlov,13,8,C,C,3,3,24,24,free,model,scripted
103,pavlov,13,9,C,C,3,3,27,27,free,model,scripted
103,pavlov,13,10,C,C,3,3,30,30,free,model,scripted
103,pavlov,13,11,C,C,3,3,33,33,free,model,scripted
103,pavlov,13,12,C,C,3,3,36,36,free,model,scripted
103,pavlov,13,13,C,C,3,3,39,39,free,model,scripted
103,pavlov,13,14,C,C,3,3,42,42,free,model,scripted
103,pavlov,13,15,C,C,3,3,45,45,free,model,scripted
103,pavlov,13,16,C,C,3,3,48,48,free,model,scripted
103,pavlov,13,17,C,C,3,3,51,51,free,model,scripted
103,pavlov,13,18,C,C,3,3,54,54,free,model,scripted
103,pavlov,13,19,C,C,3,3,57,57,free,model,scripted
103,pavlov,13,20,C,C,3,3,60,60,free,model,scripted
104,another_jev,13,1,D,D,1,1,1,1,free,model,model
104,another_jev,13,2,D,D,1,1,2,2,free,model,model
104,another_jev,13,3,D,D,1,1,3,3,free,model,model
104,another_jev,13,4,D,D,1,1,4,4,free,model,model
104,another_jev,13,5,D,D,1,1,5,5,free,model,model
104,another_jev,13,6,D,D,1,1,6,6,free,model,model
104,another_jev,13,7,D,D,1,1,7,7,free,model,model
104,another_jev,13,8,D,D,1,1,8,8,free,model,model
104,another_jev,13,9,D,D,1,1,9,9,free,model,model
104,another_jev,13,10,D,D,1,1,10,10,free,model,model
104,another_jev,13,11,D,D,1,1,11,11,free,model,model
104,another_jev,13,12,D,D,1,1,12,12,free,model,model
104,another_jev,13,13,D,D,1,1,13,13,free,model,model
104,another_jev,13,14,D,D,1,1,14,14,free,model,model
104,another_jev,13,15,D,D,1,1,15,15,free,model,model
104,another_jev,13,16,D,D,1,1,16,16,free,model,model
104,another_jev,13,17,D,D,1,1,17,17,free,model,model
104,another_jev,13,18,D,D,1,1,18,18,free,model,model
104,another_jev,13,19,D,D,1,1,19,19,free,model,model
104,another_jev,13,20,D,D,1,1,20,20,free,model,model
105,cooperator,14,1,D,C,5,0,5,0,free,model,scripted
105,cooperator,14,2,D,C,5,0,10,0,free,model,scripted
105,cooperator,14,3,D,C,5,0,15,0,free,model,scripted
105,cooperator,14,4,D,C,5,0,20,0,free,model,scripted
105,cooperator,14,5,D,C,5,0,25,0,free,model,scripted
105,cooperator,14,6,D,C,5,0,30,0,free,model,scripted
105,cooperator,14,7,D,C,5,0,35,0,free,model,scripted
105,cooperator,14,8,D,C,5,0,40,0,free,model,scripted
105,cooperator,14,9,D,C,5,0,45,0,free,model,scripted
105,cooperator,14,10,D,C,5,0,50,0,free,model,scripted
105,cooperator,14,11,D,C,5,0,55,0,free,model,scripted
105,cooperator,14,12,D,C,5,0,60,0,free,model,scripted
105,cooperator,14,13,D,C,5,0,65,0,free,model,scripted
105,cooperator,14,14,D,C,5,0,70,0,free,model,scripted
105,cooperator,14,15,D,C,5,0,75,0,free,model,scripted
105,cooperator,14,16,D,C,5,0,80,0,free,model,scripted
105,cooperator,14,17,D,C,5,0,85,0,free,model,scripted
105,cooperator,14,18,D,C,5,0,90,0,free,model,scripted
105,cooperator,14,19,D,C,5,0,95,0,free,model,scripted
105,cooperator,14,20,D,C,5,0,100,0,free,model,scripted
106,defector,14,1,D,D,1,1,1,1,free,model,scripted
106,defector,14,2,D,D,1,1,2,2,free,model,scripted
106,defector,14,3,D,D,1,1,3,3,free,model,scripted
106,defector,14,4,D,D,1,1,4,4,free,model,scripted
106,defector,14,5,D,D,1,1,5,5,free,model,scripted
106,defector,14,6,D,D,1,1,6,6,free,model,scripted
106,defector,14,7,D,D,1,1,7,7,free,model,scripted
106,defector,14,8,D,D,1,1,8,8,free,model,scripted
106,defector,14,9,D,D,1,1,9,9,free,model,scripted
106,defector,14,10,D,D,1,1,10,10,free,model,scripted
106,defector,14,11,D,D,1,1,11,11,free,model,scripted
106,defector,14,12,D,D,1,1,12,12,free,model,scripted
106,defector,14,13,D,D,1,1,13,13,free,model,scripted
106,defector,14,14,D,D,1,1,14,14,free,model,scripted
106,defector,14,15,D,D,1,1,15,15,free,model,scripted
106,defector,14,16,D,D,1,1,16,16,free,model,scripted
106,defector,14,17,D,D,1,1,17,17,free,model,scripted
106,defector,14,18,D,D,1,1,18,18,free,model,scripted
106,defector,14,19,D,D,1,1,19,19,free,model,scripted
106,defector,14,20,D,D,1,1,20,20,free,model,scripted
107,random,14,1,D,D,1,1,1,1,free,model,scripted
107,random,14,2,D,D,1,1,2,2,free,model,scripted
107,random,14,3,D,D,1,1,3,3,free,model,scripted
107,random,14,4,D,D,1,1,4,4,free,model,scripted
107,random,14,5,D,C,5,0,9,4,free,model,scripted
107,random,14,6,D,C,5,0,14,4,free,model,scripted
107,random,14,7,D,D,1,1,15,5,free,model,scripted
107,random,14,8,D,C,5,0,20,5,free,model,scripted
107,random,14,9,D,D,1,1,21,6,free,model,scripted
107,random,14,10,D,D,1,1,22,7,free,model,scripted
107,random,14,11,D,D,1,1,23,8,free,model,scripted
107,random,14,12,D,D,1,1,24,9,free,model,scripted
107,random,14,13,D,C,5,0,29,9,free,model,scripted
107,random,14,14,D,C,5,0,34,9,free,model,scripted
107,random,14,15,D,D,1,1,35,10,free,model,scripted
107,random,14,16,D,D,1,1,36,11,free,model,scripted
107,random,14,17,D,C,5,0,41,11,free,model,scripted
107,random,14,18,D,C,5,0,46,11,free,model,scripted
107,random,14,19,D,D,1,1,47,12,free,model,scripted
107,random,14,20,D,C,5,0,52,12,free,model,scripted
108,tit_for_tat,14,1,D,C,5,0,5,0,free,model,scripted
108,tit_for_tat,14,2,D,D,1,1,6,1,free,model,scripted
108,tit_for_tat,14,3,D,D,1,1,7,2,free,model,scripted
108,tit_for_tat,14,4,D,D,1,1,8,3,free,model,scripted
108,tit_for_tat,14,5,D,D,1,1,9,4,free,model,scripted
108,tit_for_tat,14,6,D,D,1,1,10,5,free,model,scripted
108,tit_for_tat,14,7,D,D,1,1,11,6,free,model,scripted
108,tit_for_tat,14,8,D,D,1,1,12,7,free,model,scripted
108,tit_for_tat,14,9,D,D,1,1,13,8,free,model,scripted
108,tit_for_tat,14,10,D,D,1,1,14,9,free,model,scripted
108,tit_for_tat,14,11,D,D,1,1,15,10,free,model,scripted
108,tit_for_tat,14,12,D,D,1,1,16,11,free,model,scripted
108,tit_for_tat,14,13,D,D,1,1,17,12,free,model,scripted
108,tit_for_tat,14,14,D,D,1,1,18,13,free,model,scripted
108,tit_for_tat,14,15,D,D,1,1,19,14,free,model,scripted
108,tit_for_tat,14,16,D,D,1,1,20,15,free,model,scripted
108,tit_for_tat,14,17,D,D,1,1,21,16,free,model,scripted
108,tit_for_tat,14,18,D,D,1,1,22,17,free,model,scripted
108,tit_for_tat,14,19,D,D,1,1,23,18,free,model,scripted
108,tit_for_tat,14,20,D,D,1,1,24,19,free,model,scripted
109,tit_for_two_tats,14,1,D,C,5,0,5,0,free,model,scripted
109,tit_for_two_tats,14,2,D,C,5,0,10,0,free,model,scripted
109,tit_for_two_tats,14,3,D,D,1,1,11,1,free,model,scripted
109,tit_for_two_tats,14,4,D,D,1,1,12,2,free,model,scripted
109,tit_for_two_tats,14,5,D,D,1,1,13,3,free,model,scripted
109,tit_for_two_tats,14,6,D,D,1,1,14,4,free,model,scripted
109,tit_for_two_tats,14,7,D,D,1,1,15,5,free,model,scripted
109,tit_for_two_tats,14,8,D,D,1,1,16,6,free,model,scripted
109,tit_for_two_tats,14,9,D,D,1,1,17,7,free,model,scripted
109,tit_for_two_tats,14,10,D,D,1,1,18,8,free,model,scripted
109,tit_for_two_tats,14,11,D,D,1,1,19,9,free,model,scripted
109,tit_for_two_tats,14,12,D,D,1,1,20,10,free,model,scripted
109,tit_for_two_tats,14,13,D,D,1,1,21,11,free,model,scripted
109,tit_for_two_tats,14,14,D,D,1,1,22,12,free,model,scripted
109,tit_for_two_tats,14,15,D,D,1,1,23,13,free,model,scripted
109,tit_for_two_tats,14,16,D,D,1,1,24,14,free,model,scripted
109,tit_for_two_tats,14,17,D,D,1,1,25,15,free,model,scripted
109,tit_for_two_tats,14,18,D,D,1,1,26,16,free,model,scripted
109,tit_for_two_tats,14,19,D,D,1,1,27,17,free,model,scripted
109,tit_for_two_tats,14,20,D,D,1,1,28,18,free,model,scripted
110,grim,14,1,D,C,5,0,5,0,free,model,scripted
110,grim,14,2,D,D,1,1,6,1,free,model,scripted
110,grim,14,3,D,D,1,1,7,2,free,model,scripted
110,grim,14,4,D,D,1,1,8,3,free,model,scripted
110,grim,14,5,D,D,1,1,9,4,free,model,scripted
110,grim,14,6,D,D,1,1,10,5,free,model,scripted
110,grim,14,7,D,D,1,1,11,6,free,model,scripted
110,grim,14,8,D,D,1,1,12,7,free,model,scripted
110,grim,14,9,D,D,1,1,13,8,free,model,scripted
110,grim,14,10,D,D,1,1,14,9,free,model,scripted
110,grim,14,11,D,D,1,1,15,10,free,model,scripted
110,grim,14,12,D,D,1,1,16,11,free,model,scripted
110,grim,14,13,D,D,1,1,17,12,free,model,scripted
110,grim,14,14,D,D,1,1,18,13,free,model,scripted
110,grim,14,15,D,D,1,1,19,14,free,model,scripted
110,grim,14,16,D,D,1,1,20,15,free,model,scripted
110,grim,14,17,D,D,1,1,21,16,free,model,scripted
110,grim,14,18,D,D,1,1,22,17,free,model,scripted
110,grim,14,19,D,D,1,1,23,18,free,model,scripted
110,grim,14,20,D,D,1,1,24,19,free,model,scripted
111,pavlov,14,1,D,C,5,0,5,0,free,model,scripted
111,pavlov,14,2,D,D,1,1,6,1,free,model,scripted
111,pavlov,14,3,D,C,5,0,11,1,free,model,scripted
111,pavlov,14,4,D,D,1,1,12,2,free,model,scripted
111,pavlov,14,5,D,C,5,0,17,2,free,model,scripted
111,pavlov,14,6,D,D,1,1,18,3,free,model,scripted
111,pavlov,14,7,D,C,5,0,23,3,free,model,scripted
111,pavlov,14,8,D,D,1,1,24,4,free,model,scripted
111,pavlov,14,9,D,C,5,0,29,4,free,model,scripted
111,pavlov,14,10,D,D,1,1,30,5,free,model,scripted
111,pavlov,14,11,D,C,5,0,35,5,free,model,scripted
111,pavlov,14,12,D,D,1,1,36,6,free,model,scripted
111,pavlov,14,13,D,C,5,0,41,6,free,model,scripted
111,pavlov,14,14,D,D,1,1,42,7,free,model,scripted
111,pavlov,14,15,D,C,5,0,47,7,free,model,scripted
111,pavlov,14,16,D,D,1,1,48,8,free,model,scripted
111,pavlov,14,17,D,C,5,0,53,8,free,model,scripted
111,pavlov,14,18,D,D,1,1,54,9,free,model,scripted
111,pavlov,14,19,D,C,5,0,59,9,free,model,scripted
111,pavlov,14,20,D,D,1,1,60,10,free,model,scripted
112,another_jev,14,1,D,D,1,1,1,1,free,model,model
112,another_jev,14,2,D,D,1,1,2,2,free,model,model
112,another_jev,14,3,D,D,1,1,3,3,free,model,model
112,another_jev,14,4,D,D,1,1,4,4,free,model,model
112,another_jev,14,5,D,D,1,1,5,5,free,model,model
112,another_jev,14,6,D,D,1,1,6,6,free,model,model
112,another_jev,14,7,D,D,1,1,7,7,free,model,model
112,another_jev,14,8,D,D,1,1,8,8,free,model,model
112,another_jev,14,9,D,D,1,1,9,9,free,model,model
112,another_jev,14,10,D,D,1,1,10,10,free,model,model
112,another_jev,14,11,D,D,1,1,11,11,free,model,model
112,another_jev,14,12,D,D,1,1,12,12,free,model,model
112,another_jev,14,13,D,D,1,1,13,13,free,model,model
112,another_jev,14,14,D,D,1,1,14,14,free,model,model
112,another_jev,14,15,D,D,1,1,15,15,free,model,model
112,another_jev,14,16,D,D,1,1,16,16,free,model,model
112,another_jev,14,17,D,D,1,1,17,17,free,model,model
112,another_jev,14,18,D,D,1,1,18,18,free,model,model
112,another_jev,14,19,D,D,1,1,19,19,free,model,model
112,another_jev,14,20,D,D,1,1,20,20,free,model,model
113,cooperator,15,1,D,C,5,0,5,0,free,model,scripted
113,cooperator,15,2,D,C,5,0,10,0,free,model,scripted
113,cooperator,15,3,D,C,5,0,15,0,free,model,scripted
113,cooperator,15,4,D,C,5,0,20,0,free,model,scripted
113,cooperator,15,5,D,C,5,0,25,0,free,model,scripted
113,cooperator,15,6,D,C,5,0,30,0,free,model,scripted
113,cooperator,15,7,D,C,5,0,35,0,free,model,scripted
113,cooperator,15,8,D,C,5,0,40,0,free,model,scripted
113,cooperator,15,9,D,C,5,0,45,0,free,model,scripted
113,cooperator,15,10,D,C,5,0,50,0,free,model,scripted
113,cooperator,15,11,D,C,5,0,55,0,free,model,scripted
113,cooperator,15,12,D,C,5,0,60,0,free,model,scripted
113,cooperator,15,13,D,C,5,0,65,0,free,model,scripted
113,cooperator,15,14,D,C,5,0,70,0,free,model,scripted
113,cooperator,15,15,D,C,5,0,75,0,free,model,scripted
113,cooperator,15,16,D,C,5,0,80,0,free,model,scripted
113,cooperator,15,17,D,C,5,0,85,0,free,model,scripted
113,cooperator,15,18,D,C,5,0,90,0,free,model,scripted
113,cooperator,15,19,D,C,5,0,95,0,free,model,scripted
113,cooperator,15,20,D,C,5,0,100,0,free,model,scripted
114,defector,15,1,C,D,0,5,0,5,free,model,scripted
114,defector,15,2,D,D,1,1,1,6,free,model,scripted
114,defector,15,3,D,D,1,1,2,7,free,model,scripted
114,defector,15,4,D,D,1,1,3,8,free,model,scripted
114,defector,15,5,D,D,1,1,4,9,free,model,scripted
114,defector,15,6,D,D,1,1,5,10,free,model,scripted
114,defector,15,7,D,D,1,1,6,11,free,model,scripted
114,defector,15,8,D,D,1,1,7,12,free,model,scripted
114,defector,15,9,D,D,1,1,8,13,free,model,scripted
114,defector,15,10,D,D,1,1,9,14,free,model,scripted
114,defector,15,11,D,D,1,1,10,15,free,model,scripted
114,defector,15,12,D,D,1,1,11,16,free,model,scripted
114,defector,15,13,D,D,1,1,12,17,free,model,scripted
114,defector,15,14,D,D,1,1,13,18,free,model,scripted
114,defector,15,15,D,D,1,1,14,19,free,model,scripted
114,defector,15,16,D,D,1,1,15,20,free,model,scripted
114,defector,15,17,D,D,1,1,16,21,free,model,scripted
114,defector,15,18,D,D,1,1,17,22,free,model,scripted
114,defector,15,19,D,D,1,1,18,23,free,model,scripted
114,defector,15,20,D,D,1,1,19,24,free,model,scripted
115,random,15,1,D,C,5,0,5,0,free,model,scripted
115,random,15,2,D,D,1,1,6,1,free,model,scripted
115,random,15,3,D,D,1,1,7,2,free,model,scripted
115,random,15,4,D,C,5,0,12,2,free,model,scripted
115,random,15,5,D,D,1,1,13,3,free,model,scripted
115,random,15,6,D,C,5,0,18,3,free,model,scripted
115,random,15,7,D,D,1,1,19,4,free,model,scripted
115,random,15,8,D,C,5,0,24,4,free,model,scripted
115,random,15,9,D,C,5,0,29,4,free,model,scripted
115,random,15,10,D,C,5,0,34,4,free,model,scripted
115,random,15,11,D,D,1,1,35,5,free,model,scripted
115,random,15,12,D,C,5,0,40,5,free,model,scripted
115,random,15,13,D,C,5,0,45,5,free,model,scripted
115,random,15,14,D,D,1,1,46,6,free,model,scripted
115,random,15,15,D,C,5,0,51,6,free,model,scripted
115,random,15,16,D,D,1,1,52,7,free,model,scripted
115,random,15,17,D,C,5,0,57,7,free,model,scripted
115,random,15,18,D,C,5,0,62,7,free,model,scripted
115,random,15,19,D,C,5,0,67,7,free,model,scripted
115,random,15,20,D,D,1,1,68,8,free,model,scripted
116,tit_for_tat,15,1,D,C,5,0,5,0,free,model,scripted
116,tit_for_tat,15,2,D,D,1,1,6,1,free,model,scripted
116,tit_for_tat,15,3,D,D,1,1,7,2,free,model,scripted
116,tit_for_tat,15,4,D,D,1,1,8,3,free,model,scripted
116,tit_for_tat,15,5,D,D,1,1,9,4,free,model,scripted
116,tit_for_tat,15,6,D,D,1,1,10,5,free,model,scripted
116,tit_for_tat,15,7,D,D,1,1,11,6,free,model,scripted
116,tit_for_tat,15,8,D,D,1,1,12,7,free,model,scripted
116,tit_for_tat,15,9,D,D,1,1,13,8,free,model,scripted
116,tit_for_tat,15,10,D,D,1,1,14,9,free,model,scripted
116,tit_for_tat,15,11,D,D,1,1,15,10,free,model,scripted
116,tit_for_tat,15,12,D,D,1,1,16,11,free,model,scripted
116,tit_for_tat,15,13,D,D,1,1,17,12,free,model,scripted
116,tit_for_tat,15,14,D,D,1,1,18,13,free,model,scripted
116,tit_for_tat,15,15,D,D,1,1,19,14,free,model,scripted
116,tit_for_tat,15,16,D,D,1,1,20,15,free,model,scripted
116,tit_for_tat,15,17,D,D,1,1,21,16,free,model,scripted
116,tit_for_tat,15,18,D,D,1,1,22,17,free,model,scripted
116,tit_for_tat,15,19,D,D,1,1,23,18,free,model,scripted
116,tit_for_tat,15,20,D,D,1,1,24,19,free,model,scripted
117,tit_for_two_tats,15,1,D,C,5,0,5,0,free,model,scripted
117,tit_for_two_tats,15,2,D,C,5,0,10,0,free,model,scripted
117,tit_for_two_tats,15,3,D,D,1,1,11,1,free,model,scripted
117,tit_for_two_tats,15,4,D,D,1,1,12,2,free,model,scripted
117,tit_for_two_tats,15,5,D,D,1,1,13,3,free,model,scripted
117,tit_for_two_tats,15,6,D,D,1,1,14,4,free,model,scripted
117,tit_for_two_tats,15,7,D,D,1,1,15,5,free,model,scripted
117,tit_for_two_tats,15,8,D,D,1,1,16,6,free,model,scripted
117,tit_for_two_tats,15,9,D,D,1,1,17,7,free,model,scripted
117,tit_for_two_tats,15,10,D,D,1,1,18,8,free,model,scripted
117,tit_for_two_tats,15,11,D,D,1,1,19,9,free,model,scripted
117,tit_for_two_tats,15,12,D,D,1,1,20,10,free,model,scripted
117,tit_for_two_tats,15,13,D,D,1,1,21,11,free,model,scripted
117,tit_for_two_tats,15,14,D,D,1,1,22,12,free,model,scripted
117,tit_for_two_tats,15,15,D,D,1,1,23,13,free,model,scripted
117,tit_for_two_tats,15,16,D,D,1,1,24,14,free,model,scripted
117,tit_for_two_tats,15,17,D,D,1,1,25,15,free,model,scripted
117,tit_for_two_tats,15,18,D,D,1,1,26,16,free,model,scripted
117,tit_for_two_tats,15,19,D,D,1,1,27,17,free,model,scripted
117,tit_for_two_tats,15,20,D,D,1,1,28,18,free,model,scripted
118,grim,15,1,D,C,5,0,5,0,free,model,scripted
118,grim,15,2,D,D,1,1,6,1,free,model,scripted
118,grim,15,3,D,D,1,1,7,2,free,model,scripted
118,grim,15,4,D,D,1,1,8,3,free,model,scripted
118,grim,15,5,D,D,1,1,9,4,free,model,scripted
118,grim,15,6,D,D,1,1,10,5,free,model,scripted
118,grim,15,7,D,D,1,1,11,6,free,model,scripted
118,grim,15,8,D,D,1,1,12,7,free,model,scripted
118,grim,15,9,D,D,1,1,13,8,free,model,scripted
118,grim,15,10,D,D,1,1,14,9,free,model,scripted
118,grim,15,11,D,D,1,1,15,10,free,model,scripted
118,grim,15,12,D,D,1,1,16,11,free,model,scripted
118,grim,15,13,D,D,1,1,17,12,free,model,scripted
118,grim,15,14,D,D,1,1,18,13,free,model,scripted
118,grim,15,15,D,D,1,1,19,14,free,model,scripted
118,grim,15,16,D,D,1,1,20,15,free,model,scripted
118,grim,15,17,D,D,1,1,21,16,free,model,scripted
118,grim,15,18,D,D,1,1,22,17,free,model,scripted
118,grim,15,19,D,D,1,1,23,18,free,model,scripted
118,grim,15,20,D,D,1,1,24,19,free,model,scripted
119,pavlov,15,1,C,C,3,3,3,3,free,model,scripted
119,pavlov,15,2,C,C,3,3,6,6,free,model,scripted
119,pavlov,15,3,C,C,3,3,9,9,free,model,scripted
119,pavlov,15,4,C,C,3,3,12,12,free,model,scripted
119,pavlov,15,5,C,C,3,3,15,15,free,model,scripted
119,pavlov,15,6,C,C,3,3,18,18,free,model,scripted
119,pavlov,15,7,C,C,3,3,21,21,free,model,scripted
119,pavlov,15,8,C,C,3,3,24,24,free,model,scripted
119,pavlov,15,9,C,C,3,3,27,27,free,model,scripted
119,pavlov,15,10,C,C,3,3,30,30,free,model,scripted
119,pavlov,15,11,C,C,3,3,33,33,free,model,scripted
119,pavlov,15,12,C,C,3,3,36,36,free,model,scripted
119,pavlov,15,13,C,C,3,3,39,39,free,model,scripted
119,pavlov,15,14,C,C,3,3,42,42,free,model,scripted
119,pavlov,15,15,C,C,3,3,45,45,free,model,scripted
119,pavlov,15,16,C,C,3,3,48,48,free,model,scripted
119,pavlov,15,17,C,C,3,3,51,51,free,model,scripted
119,pavlov,15,18,C,C,3,3,54,54,free,model,scripted
119,pavlov,15,19,C,C,3,3,57,57,free,model,scripted
119,pavlov,15,20,C,C,3,3,60,60,free,model,scripted
120,another_jev,15,1,D,D,1,1,1,1,free,model,model
120,another_jev,15,2,D,D,1,1,2,2,free,model,model
120,another_jev,15,3,D,D,1,1,3,3,free,model,model
120,another_jev,15,4,D,D,1,1,4,4,free,model,model
120,another_jev,15,5,D,D,1,1,5,5,free,model,model
120,another_jev,15,6,D,D,1,1,6,6,free,model,model
120,another_jev,15,7,D,D,1,1,7,7,free,model,model
120,another_jev,15,8,D,D,1,1,8,8,free,model,model
120,another_jev,15,9,D,D,1,1,9,9,free,model,model
120,another_jev,15,10,D,D,1,1,10,10,free,model,model
120,another_jev,15,11,D,D,1,1,11,11,free,model,model
120,another_jev,15,12,D,D,1,1,12,12,free,model,model
120,another_jev,15,13,D,D,1,1,13,13,free,model,model
120,another_jev,15,14,D,D,1,1,14,14,free,model,model
120,another_jev,15,15,D,D,1,1,15,15,free,model,model
120,another_jev,15,16,D,D,1,1,16,16,free,model,model
120,another_jev,15,17,D,D,1,1,17,17,free,model,model
120,another_jev,15,18,D,D,1,1,18,18,free,model,model
120,another_jev,15,19,D,D,1,1,19,19,free,model,model
120,another_jev,15,20,D,D,1,1,20,20,free,model,model
121,cooperator,16,1,D,C,5,0,5,0,free,model,scripted
121,cooperator,16,2,D,C,5,0,10,0,free,model,scripted
121,cooperator,16,3,D,C,5,0,15,0,free,model,scripted
121,cooperator,16,4,D,C,5,0,20,0,free,model,scripted
121,cooperator,16,5,D,C,5,0,25,0,free,model,scripted
121,cooperator,16,6,D,C,5,0,30,0,free,model,scripted
121,cooperator,16,7,D,C,5,0,35,0,free,model,scripted
121,cooperator,16,8,D,C,5,0,40,0,free,model,scripted
121,cooperator,16,9,D,C,5,0,45,0,free,model,scripted
121,cooperator,16,10,D,C,5,0,50,0,free,model,scripted
121,cooperator,16,11,D,C,5,0,55,0,free,model,scripted
121,cooperator,16,12,D,C,5,0,60,0,free,model,scripted
121,cooperator,16,13,D,C,5,0,65,0,free,model,scripted
121,cooperator,16,14,D,C,5,0,70,0,free,model,scripted
121,cooperator,16,15,D,C,5,0,75,0,free,model,scripted
121,cooperator,16,16,D,C,5,0,80,0,free,model,scripted
121,cooperator,16,17,D,C,5,0,85,0,free,model,scripted
121,cooperator,16,18,D,C,5,0,90,0,free,model,scripted
121,cooperator,16,19,D,C,5,0,95,0,free,model,scripted
121,cooperator,16,20,D,C,5,0,100,0,free,model,scripted
122,defector,16,1,D,D,1,1,1,1,free,model,scripted
122,defector,16,2,D,D,1,1,2,2,free,model,scripted
122,defector,16,3,D,D,1,1,3,3,free,model,scripted
122,defector,16,4,D,D,1,1,4,4,free,model,scripted
122,defector,16,5,D,D,1,1,5,5,free,model,scripted
122,defector,16,6,D,D,1,1,6,6,free,model,scripted
122,defector,16,7,D,D,1,1,7,7,free,model,scripted
122,defector,16,8,D,D,1,1,8,8,free,model,scripted
122,defector,16,9,D,D,1,1,9,9,free,model,scripted
122,defector,16,10,D,D,1,1,10,10,free,model,scripted
122,defector,16,11,D,D,1,1,11,11,free,model,scripted
122,defector,16,12,D,D,1,1,12,12,free,model,scripted
122,defector,16,13,D,D,1,1,13,13,free,model,scripted
122,defector,16,14,D,D,1,1,14,14,free,model,scripted
122,defector,16,15,D,D,1,1,15,15,free,model,scripted
122,defector,16,16,D,D,1,1,16,16,free,model,scripted
122,defector,16,17,D,D,1,1,17,17,free,model,scripted
122,defector,16,18,D,D,1,1,18,18,free,model,scripted
122,defector,16,19,D,D,1,1,19,19,free,model,scripted
122,defector,16,20,D,D,1,1,20,20,free,model,scripted
123,random,16,1,D,C,5,0,5,0,free,model,scripted
123,random,16,2,D,D,1,1,6,1,free,model,scripted
123,random,16,3,D,D,1,1,7,2,free,model,scripted
123,random,16,4,D,C,5,0,12,2,free,model,scripted
123,random,16,5,D,D,1,1,13,3,free,model,scripted
123,random,16,6,D,C,5,0,18,3,free,model,scripted
123,random,16,7,D,C,5,0,23,3,free,model,scripted
123,random,16,8,D,D,1,1,24,4,free,model,scripted
123,random,16,9,D,D,1,1,25,5,free,model,scripted
123,random,16,10,D,D,1,1,26,6,free,model,scripted
123,random,16,11,D,D,1,1,27,7,free,model,scripted
123,random,16,12,D,D,1,1,28,8,free,model,scripted
123,random,16,13,D,D,1,1,29,9,free,model,scripted
123,random,16,14,D,C,5,0,34,9,free,model,scripted
123,random,16,15,D,D,1,1,35,10,free,model,scripted
123,random,16,16,D,D,1,1,36,11,free,model,scripted
123,random,16,17,D,D,1,1,37,12,free,model,scripted
123,random,16,18,D,D,1,1,38,13,free,model,scripted
123,random,16,19,D,C,5,0,43,13,free,model,scripted
123,random,16,20,D,D,1,1,44,14,free,model,scripted
124,tit_for_tat,16,1,C,C,3,3,3,3,free,model,scripted
124,tit_for_tat,16,2,C,C,3,3,6,6,free,model,scripted
124,tit_for_tat,16,3,C,C,3,3,9,9,free,model,scripted
124,tit_for_tat,16,4,C,C,3,3,12,12,free,model,scripted
124,tit_for_tat,16,5,C,C,3,3,15,15,free,model,scripted
124,tit_for_tat,16,6,C,C,3,3,18,18,free,model,scripted
124,tit_for_tat,16,7,C,C,3,3,21,21,free,model,scripted
124,tit_for_tat,16,8,C,C,3,3,24,24,free,model,scripted
124,tit_for_tat,16,9,C,C,3,3,27,27,free,model,scripted
124,tit_for_tat,16,10,C,C,3,3,30,30,free,model,scripted
124,tit_for_tat,16,11,C,C,3,3,33,33,free,model,scripted
124,tit_for_tat,16,12,C,C,3,3,36,36,free,model,scripted
124,tit_for_tat,16,13,C,C,3,3,39,39,free,model,scripted
124,tit_for_tat,16,14,C,C,3,3,42,42,free,model,scripted
124,tit_for_tat,16,15,C,C,3,3,45,45,free,model,scripted
124,tit_for_tat,16,16,C,C,3,3,48,48,free,model,scripted
124,tit_for_tat,16,17,C,C,3,3,51,51,free,model,scripted
124,tit_for_tat,16,18,C,C,3,3,54,54,free,model,scripted
124,tit_for_tat,16,19,C,C,3,3,57,57,free,model,scripted
124,tit_for_tat,16,20,C,C,3,3,60,60,free,model,scripted
125,tit_for_two_tats,16,1,D,C,5,0,5,0,free,model,scripted
125,tit_for_two_tats,16,2,D,C,5,0,10,0,free,model,scripted
125,tit_for_two_tats,16,3,D,D,1,1,11,1,free,model,scripted
125,tit_for_two_tats,16,4,D,D,1,1,12,2,free,model,scripted
125,tit_for_two_tats,16,5,D,D,1,1,13,3,free,model,scripted
125,tit_for_two_tats,16,6,D,D,1,1,14,4,free,model,scripted
125,tit_for_two_tats,16,7,D,D,1,1,15,5,free,model,scripted
125,tit_for_two_tats,16,8,D,D,1,1,16,6,free,model,scripted
125,tit_for_two_tats,16,9,D,D,1,1,17,7,free,model,scripted
125,tit_for_two_tats,16,10,D,D,1,1,18,8,free,model,scripted
125,tit_for_two_tats,16,11,D,D,1,1,19,9,free,model,scripted
125,tit_for_two_tats,16,12,D,D,1,1,20,10,free,model,scripted
125,tit_for_two_tats,16,13,D,D,1,1,21,11,free,model,scripted
125,tit_for_two_tats,16,14,D,D,1,1,22,12,free,model,scripted
125,tit_for_two_tats,16,15,D,D,1,1,23,13,free,model,scripted
125,tit_for_two_tats,16,16,D,D,1,1,24,14,free,model,scripted
125,tit_for_two_tats,16,17,D,D,1,1,25,15,free,model,scripted
125,tit_for_two_tats,16,18,D,D,1,1,26,16,free,model,scripted
125,tit_for_two_tats,16,19,D,D,1,1,27,17,free,model,scripted
125,tit_for_two_tats,16,20,D,D,1,1,28,18,free,model,scripted
126,grim,16,1,D,C,5,0,5,0,free,model,scripted
126,grim,16,2,D,D,1,1,6,1,free,model,scripted
126,grim,16,3,D,D,1,1,7,2,free,model,scripted
126,grim,16,4,D,D,1,1,8,3,free,model,scripted
126,grim,16,5,D,D,1,1,9,4,free,model,scripted
126,grim,16,6,D,D,1,1,10,5,free,model,scripted
126,grim,16,7,D,D,1,1,11,6,free,model,scripted
126,grim,16,8,D,D,1,1,12,7,free,model,scripted
126,grim,16,9,D,D,1,1,13,8,free,model,scripted
126,grim,16,10,D,D,1,1,14,9,free,model,scripted
126,grim,16,11,D,D,1,1,15,10,free,model,scripted
126,grim,16,12,D,D,1,1,16,11,free,model,scripted
126,grim,16,13,D,D,1,1,17,12,free,model,scripted
126,grim,16,14,D,D,1,1,18,13,free,model,scripted
126,grim,16,15,D,D,1,1,19,14,free,model,scripted
126,grim,16,16,D,D,1,1,20,15,free,model,scripted
126,grim,16,17,D,D,1,1,21,16,free,model,scripted
126,grim,16,18,D,D,1,1,22,17,free,model,scripted
126,grim,16,19,D,D,1,1,23,18,free,model,scripted
126,grim,16,20,D,D,1,1,24,19,free,model,scripted
127,pavlov,16,1,D,C,5,0,5,0,free,model,scripted
127,pavlov,16,2,D,D,1,1,6,1,free,model,scripted
127,pavlov,16,3,D,C,5,0,11,1,free,model,scripted
127,pavlov,16,4,D,D,1,1,12,2,free,model,scripted
127,pavlov,16,5,D,C,5,0,17,2,free,model,scripted
127,pavlov,16,6,D,D,1,1,18,3,free,model,scripted
127,pavlov,16,7,D,C,5,0,23,3,free,model,scripted
127,pavlov,16,8,D,D,1,1,24,4,free,model,scripted
127,pavlov,16,9,D,C,5,0,29,4,free,model,scripted
127,pavlov,16,10,D,D,1,1,30,5,free,model,scripted
127,pavlov,16,11,D,C,5,0,35,5,free,model,scripted
127,pavlov,16,12,D,D,1,1,36,6,free,model,scripted
127,pavlov,16,13,D,C,5,0,41,6,free,model,scripted
127,pavlov,16,14,D,D,1,1,42,7,free,model,scripted
127,pavlov,16,15,D,C,5,0,47,7,free,model,scripted
127,pavlov,16,16,D,D,1,1,48,8,free,model,scripted
127,pavlov,16,17,D,C,5,0,53,8,free,model,scripted
127,pavlov,16,18,D,D,1,1,54,9,free,model,scripted
127,pavlov,16,19,D,C,5,0,59,9,free,model,scripted
127,pavlov,16,20,D,D,1,1,60,10,free,model,scripted
128,another_jev,16,1,D,D,1,1,1,1,free,model,model
128,another_jev,16,2,D,D,1,1,2,2,free,model,model
128,another_jev,16,3,D,D,1,1,3,3,free,model,model
128,another_jev,16,4,D,D,1,1,4,4,free,model,model
128,another_jev,16,5,D,D,1,1,5,5,free,model,model
128,another_jev,16,6,D,D,1,1,6,6,free,model,model
128,another_jev,16,7,D,D,1,1,7,7,free,model,model
128,another_jev,16,8,D,D,1,1,8,8,free,model,model
128,another_jev,16,9,D,D,1,1,9,9,free,model,model
128,another_jev,16,10,D,D,1,1,10,10,free,model,model
128,another_jev,16,11,D,D,1,1,11,11,free,model,model
128,another_jev,16,12,D,D,1,1,12,12,free,model,model
128,another_jev,16,13,D,D,1,1,13,13,free,model,model
128,another_jev,16,14,D,D,1,1,14,14,free,model,model
128,another_jev,16,15,D,D,1,1,15,15,free,model,model
128,another_jev,16,16,D,D,1,1,16,16,free,model,model
128,another_jev,16,17,D,D,1,1,17,17,free,model,model
128,another_jev,16,18,D,D,1,1,18,18,free,model,model
128,another_jev,16,19,D,D,1,1,19,19,free,model,model
128,another_jev,16,20,D,D,1,1,20,20,free,model,model
129,cooperator,17,1,D,C,5,0,5,0,free,model,scripted
129,cooperator,17,2,D,C,5,0,10,0,free,model,scripted
129,cooperator,17,3,D,C,5,0,15,0,free,model,scripted
129,cooperator,17,4,D,C,5,0,20,0,free,model,scripted
129,cooperator,17,5,D,C,5,0,25,0,free,model,scripted
129,cooperator,17,6,D,C,5,0,30,0,free,model,scripted
129,cooperator,17,7,D,C,5,0,35,0,free,model,scripted
129,cooperator,17,8,D,C,5,0,40,0,free,model,scripted
129,cooperator,17,9,D,C,5,0,45,0,free,model,scripted
129,cooperator,17,10,D,C,5,0,50,0,free,model,scripted
129,cooperator,17,11,D,C,5,0,55,0,free,model,scripted
129,cooperator,17,12,D,C,5,0,60,0,free,model,scripted
129,cooperator,17,13,D,C,5,0,65,0,free,model,scripted
129,cooperator,17,14,D,C,5,0,70,0,free,model,scripted
129,cooperator,17,15,D,C,5,0,75,0,free,model,scripted
129,cooperator,17,16,D,C,5,0,80,0,free,model,scripted
129,cooperator,17,17,D,C,5,0,85,0,free,model,scripted
129,cooperator,17,18,D,C,5,0,90,0,free,model,scripted
129,cooperator,17,19,D,C,5,0,95,0,free,model,scripted
129,cooperator,17,20,D,C,5,0,100,0,free,model,scripted
130,defector,17,1,C,D,0,5,0,5,free,model,scripted
130,defector,17,2,D,D,1,1,1,6,free,model,scripted
130,defector,17,3,D,D,1,1,2,7,free,model,scripted
130,defector,17,4,D,D,1,1,3,8,free,model,scripted
130,defector,17,5,D,D,1,1,4,9,free,model,scripted
130,defector,17,6,D,D,1,1,5,10,free,model,scripted
130,defector,17,7,D,D,1,1,6,11,free,model,scripted
130,defector,17,8,D,D,1,1,7,12,free,model,scripted
130,defector,17,9,D,D,1,1,8,13,free,model,scripted
130,defector,17,10,D,D,1,1,9,14,free,model,scripted
130,defector,17,11,D,D,1,1,10,15,free,model,scripted
130,defector,17,12,D,D,1,1,11,16,free,model,scripted
130,defector,17,13,D,D,1,1,12,17,free,model,scripted
130,defector,17,14,D,D,1,1,13,18,free,model,scripted
130,defector,17,15,D,D,1,1,14,19,free,model,scripted
130,defector,17,16,D,D,1,1,15,20,free,model,scripted
130,defector,17,17,D,D,1,1,16,21,free,model,scripted
130,defector,17,18,D,D,1,1,17,22,free,model,scripted
130,defector,17,19,D,D,1,1,18,23,free,model,scripted
130,defector,17,20,D,D,1,1,19,24,free,model,scripted
131,random,17,1,C,C,3,3,3,3,free,model,scripted
131,random,17,2,C,D,0,5,3,8,free,model,scripted
131,random,17,3,D,D,1,1,4,9,free,model,scripted
131,random,17,4,D,D,1,1,5,10,free,model,scripted
131,random,17,5,D,C,5,0,10,10,free,model,scripted
131,random,17,6,D,D,1,1,11,11,free,model,scripted
131,random,17,7,D,D,1,1,12,12,free,model,scripted
131,random,17,8,D,D,1,1,13,13,free,model,scripted
131,random,17,9,D,D,1,1,14,14,free,model,scripted
131,random,17,10,D,D,1,1,15,15,free,model,scripted
131,random,17,11,D,C,5,0,20,15,free,model,scripted
131,random,17,12,D,D,1,1,21,16,free,model,scripted
131,random,17,13,D,C,5,0,26,16,free,model,scripted
131,random,17,14,D,D,1,1,27,17,free,model,scripted
131,random,17,15,D,C,5,0,32,17,free,model,scripted
131,random,17,16,D,D,1,1,33,18,free,model,scripted
131,random,17,17,D,D,1,1,34,19,free,model,scripted
131,random,17,18,D,C,5,0,39,19,free,model,scripted
131,random,17,19,D,D,1,1,40,20,free,model,scripted
131,random,17,20,D,C,5,0,45,20,free,model,scripted
132,tit_for_tat,17,1,D,C,5,0,5,0,free,model,scripted
132,tit_for_tat,17,2,D,D,1,1,6,1,free,model,scripted
132,tit_for_tat,17,3,D,D,1,1,7,2,free,model,scripted
132,tit_for_tat,17,4,D,D,1,1,8,3,free,model,scripted
132,tit_for_tat,17,5,D,D,1,1,9,4,free,model,scripted
132,tit_for_tat,17,6,D,D,1,1,10,5,free,model,scripted
132,tit_for_tat,17,7,D,D,1,1,11,6,free,model,scripted
132,tit_for_tat,17,8,D,D,1,1,12,7,free,model,scripted
132,tit_for_tat,17,9,D,D,1,1,13,8,free,model,scripted
132,tit_for_tat,17,10,D,D,1,1,14,9,free,model,scripted
132,tit_for_tat,17,11,D,D,1,1,15,10,free,model,scripted
132,tit_for_tat,17,12,D,D,1,1,16,11,free,model,scripted
132,tit_for_tat,17,13,D,D,1,1,17,12,free,model,scripted
132,tit_for_tat,17,14,D,D,1,1,18,13,free,model,scripted
132,tit_for_tat,17,15,D,D,1,1,19,14,free,model,scripted
132,tit_for_tat,17,16,D,D,1,1,20,15,free,model,scripted
132,tit_for_tat,17,17,D,D,1,1,21,16,free,model,scripted
132,tit_for_tat,17,18,D,D,1,1,22,17,free,model,scripted
132,tit_for_tat,17,19,D,D,1,1,23,18,free,model,scripted
132,tit_for_tat,17,20,D,D,1,1,24,19,free,model,scripted
133,tit_for_two_tats,17,1,D,C,5,0,5,0,free,model,scripted
133,tit_for_two_tats,17,2,D,C,5,0,10,0,free,model,scripted
133,tit_for_two_tats,17,3,D,D,1,1,11,1,free,model,scripted
133,tit_for_two_tats,17,4,D,D,1,1,12,2,free,model,scripted
133,tit_for_two_tats,17,5,D,D,1,1,13,3,free,model,scripted
133,tit_for_two_tats,17,6,D,D,1,1,14,4,free,model,scripted
133,tit_for_two_tats,17,7,D,D,1,1,15,5,free,model,scripted
133,tit_for_two_tats,17,8,D,D,1,1,16,6,free,model,scripted
133,tit_for_two_tats,17,9,D,D,1,1,17,7,free,model,scripted
133,tit_for_two_tats,17,10,D,D,1,1,18,8,free,model,scripted
133,tit_for_two_tats,17,11,D,D,1,1,19,9,free,model,scripted
133,tit_for_two_tats,17,12,D,D,1,1,20,10,free,model,scripted
133,tit_for_two_tats,17,13,D,D,1,1,21,11,free,model,scripted
133,tit_for_two_tats,17,14,D,D,1,1,22,12,free,model,scripted
133,tit_for_two_tats,17,15,D,D,1,1,23,13,free,model,scripted
133,tit_for_two_tats,17,16,D,D,1,1,24,14,free,model,scripted
133,tit_for_two_tats,17,17,D,D,1,1,25,15,free,model,scripted
133,tit_for_two_tats,17,18,D,D,1,1,26,16,free,model,scripted
133,tit_for_two_tats,17,19,D,D,1,1,27,17,free,model,scripted
133,tit_for_two_tats,17,20,D,D,1,1,28,18,free,model,scripted
134,grim,17,1,C,C,3,3,3,3,free,model,scripted
134,grim,17,2,C,C,3,3,6,6,free,model,scripted
134,grim,17,3,C,C,3,3,9,9,free,model,scripted
134,grim,17,4,C,C,3,3,12,12,free,model,scripted
134,grim,17,5,C,C,3,3,15,15,free,model,scripted
134,grim,17,6,C,C,3,3,18,18,free,model,scripted
134,grim,17,7,C,C,3,3,21,21,free,model,scripted
134,grim,17,8,C,C,3,3,24,24,free,model,scripted
134,grim,17,9,C,C,3,3,27,27,free,model,scripted
134,grim,17,10,C,C,3,3,30,30,free,model,scripted
134,grim,17,11,C,C,3,3,33,33,free,model,scripted
134,grim,17,12,C,C,3,3,36,36,free,model,scripted
134,grim,17,13,C,C,3,3,39,39,free,model,scripted
134,grim,17,14,C,C,3,3,42,42,free,model,scripted
134,grim,17,15,C,C,3,3,45,45,free,model,scripted
134,grim,17,16,C,C,3,3,48,48,free,model,scripted
134,grim,17,17,C,C,3,3,51,51,free,model,scripted
134,grim,17,18,C,C,3,3,54,54,free,model,scripted
134,grim,17,19,C,C,3,3,57,57,free,model,scripted
134,grim,17,20,C,C,3,3,60,60,free,model,scripted
135,pavlov,17,1,D,C,5,0,5,0,free,model,scripted
135,pavlov,17,2,D,D,1,1,6,1,free,model,scripted
135,pavlov,17,3,D,C,5,0,11,1,free,model,scripted
135,pavlov,17,4,D,D,1,1,12,2,free,model,scripted
135,pavlov,17,5,D,C,5,0,17,2,free,model,scripted
135,pavlov,17,6,D,D,1,1,18,3,free,model,scripted
135,pavlov,17,7,D,C,5,0,23,3,free,model,scripted
135,pavlov,17,8,D,D,1,1,24,4,free,model,scripted
135,pavlov,17,9,D,C,5,0,29,4,free,model,scripted
135,pavlov,17,10,D,D,1,1,30,5,free,model,scripted
135,pavlov,17,11,D,C,5,0,35,5,free,model,scripted
135,pavlov,17,12,D,D,1,1,36,6,free,model,scripted
135,pavlov,17,13,D,C,5,0,41,6,free,model,scripted
135,pavlov,17,14,D,D,1,1,42,7,free,model,scripted
135,pavlov,17,15,D,C,5,0,47,7,free,model,scripted
135,pavlov,17,16,D,D,1,1,48,8,free,model,scripted
135,pavlov,17,17,D,C,5,0,53,8,free,model,scripted
135,pavlov,17,18,D,D,1,1,54,9,free,model,scripted
135,pavlov,17,19,D,C,5,0,59,9,free,model,scripted
135,pavlov,17,20,D,D,1,1,60,10,free,model,scripted
136,another_jev,17,1,D,C,5,0,5,0,free,model,model
136,another_jev,17,2,D,D,1,1,6,1,free,model,model
136,another_jev,17,3,D,D,1,1,7,2,free,model,model
136,another_jev,17,4,D,D,1,1,8,3,free,model,model
136,another_jev,17,5,D,D,1,1,9,4,free,model,model
136,another_jev,17,6,D,D,1,1,10,5,free,model,model
136,another_jev,17,7,D,D,1,1,11,6,free,model,model
136,another_jev,17,8,D,D,1,1,12,7,free,model,model
136,another_jev,17,9,D,D,1,1,13,8,free,model,model
136,another_jev,17,10,D,D,1,1,14,9,free,model,model
136,another_jev,17,11,D,D,1,1,15,10,free,model,model
136,another_jev,17,12,D,D,1,1,16,11,free,model,model
136,another_jev,17,13,D,D,1,1,17,12,free,model,model
136,another_jev,17,14,D,D,1,1,18,13,free,model,model
136,another_jev,17,15,D,D,1,1,19,14,free,model,model
136,another_jev,17,16,D,D,1,1,20,15,free,model,model
136,another_jev,17,17,D,D,1,1,21,16,free,model,model
136,another_jev,17,18,D,D,1,1,22,17,free,model,model
136,another_jev,17,19,D,D,1,1,23,18,free,model,model
136,another_jev,17,20,D,D,1,1,24,19,free,model,model
137,cooperator,18,1,C,C,3,3,3,3,free,model,scripted
137,cooperator,18,2,C,C,3,3,6,6,free,model,scripted
137,cooperator,18,3,C,C,3,3,9,9,free,model,scripted
137,cooperator,18,4,C,C,3,3,12,12,free,model,scripted
137,cooperator,18,5,C,C,3,3,15,15,free,model,scripted
137,cooperator,18,6,C,C,3,3,18,18,free,model,scripted
137,cooperator,18,7,C,C,3,3,21,21,free,model,scripted
137,cooperator,18,8,C,C,3,3,24,24,free,model,scripted
137,cooperator,18,9,C,C,3,3,27,27,free,model,scripted
137,cooperator,18,10,C,C,3,3,30,30,free,model,scripted
137,cooperator,18,11,C,C,3,3,33,33,free,model,scripted
137,cooperator,18,12,C,C,3,3,36,36,free,model,scripted
137,cooperator,18,13,C,C,3,3,39,39,free,model,scripted
137,cooperator,18,14,C,C,3,3,42,42,free,model,scripted
137,cooperator,18,15,C,C,3,3,45,45,free,model,scripted
137,cooperator,18,16,C,C,3,3,48,48,free,model,scripted
137,cooperator,18,17,C,C,3,3,51,51,free,model,scripted
137,cooperator,18,18,C,C,3,3,54,54,free,model,scripted
137,cooperator,18,19,C,C,3,3,57,57,free,model,scripted
137,cooperator,18,20,C,C,3,3,60,60,free,model,scripted
138,defector,18,1,D,D,1,1,1,1,free,model,scripted
138,defector,18,2,D,D,1,1,2,2,free,model,scripted
138,defector,18,3,D,D,1,1,3,3,free,model,scripted
138,defector,18,4,D,D,1,1,4,4,free,model,scripted
138,defector,18,5,D,D,1,1,5,5,free,model,scripted
138,defector,18,6,D,D,1,1,6,6,free,model,scripted
138,defector,18,7,D,D,1,1,7,7,free,model,scripted
138,defector,18,8,D,D,1,1,8,8,free,model,scripted
138,defector,18,9,D,D,1,1,9,9,free,model,scripted
138,defector,18,10,D,D,1,1,10,10,free,model,scripted
138,defector,18,11,D,D,1,1,11,11,free,model,scripted
138,defector,18,12,D,D,1,1,12,12,free,model,scripted
138,defector,18,13,D,D,1,1,13,13,free,model,scripted
138,defector,18,14,D,D,1,1,14,14,free,model,scripted
138,defector,18,15,D,D,1,1,15,15,free,model,scripted
138,defector,18,16,D,D,1,1,16,16,free,model,scripted
138,defector,18,17,D,D,1,1,17,17,free,model,scripted
138,defector,18,18,D,D,1,1,18,18,free,model,scripted
138,defector,18,19,D,D,1,1,19,19,free,model,scripted
138,defector,18,20,D,D,1,1,20,20,free,model,scripted
139,random,18,1,C,C,3,3,3,3,free,model,scripted
139,random,18,2,C,D,0,5,3,8,free,model,scripted
139,random,18,3,D,D,1,1,4,9,free,model,scripted
139,random,18,4,D,C,5,0,9,9,free,model,scripted
139,random,18,5,D,C,5,0,14,9,free,model,scripted
139,random,18,6,D,D,1,1,15,10,free,model,scripted
139,random,18,7,D,D,1,1,16,11,free,model,scripted
139,random,18,8,D,D,1,1,17,12,free,model,scripted
139,random,18,9,D,D,1,1,18,13,free,model,scripted
139,random,18,10,D,D,1,1,19,14,free,model,scripted
139,random,18,11,D,C,5,0,24,14,free,model,scripted
139,random,18,12,D,D,1,1,25,15,free,model,scripted
139,random,18,13,D,D,1,1,26,16,free,model,scripted
139,random,18,14,D,D,1,1,27,17,free,model,scripted
139,random,18,15,D,C,5,0,32,17,free,model,scripted
139,random,18,16,D,C,5,0,37,17,free,model,scripted
139,random,18,17,D,D,1,1,38,18,free,model,scripted
139,random,18,18,D,C,5,0,43,18,free,model,scripted
139,random,18,19,D,D,1,1,44,19,free,model,scripted
139,random,18,20,D,C,5,0,49,19,free,model,scripted
140,tit_for_tat,18,1,D,C,5,0,5,0,free,model,scripted
140,tit_for_tat,18,2,D,D,1,1,6,1,free,model,scripted
140,tit_for_tat,18,3,D,D,1,1,7,2,free,model,scripted
140,tit_for_tat,18,4,D,D,1,1,8,3,free,model,scripted
140,tit_for_tat,18,5,D,D,1,1,9,4,free,model,scripted
140,tit_for_tat,18,6,D,D,1,1,10,5,free,model,scripted
140,tit_for_tat,18,7,D,D,1,1,11,6,free,model,scripted
140,tit_for_tat,18,8,D,D,1,1,12,7,free,model,scripted
140,tit_for_tat,18,9,D,D,1,1,13,8,free,model,scripted
140,tit_for_tat,18,10,D,D,1,1,14,9,free,model,scripted
140,tit_for_tat,18,11,D,D,1,1,15,10,free,model,scripted
140,tit_for_tat,18,12,D,D,1,1,16,11,free,model,scripted
140,tit_for_tat,18,13,D,D,1,1,17,12,free,model,scripted
140,tit_for_tat,18,14,D,D,1,1,18,13,free,model,scripted
140,tit_for_tat,18,15,D,D,1,1,19,14,free,model,scripted
140,tit_for_tat,18,16,D,D,1,1,20,15,free,model,scripted
140,tit_for_tat,18,17,D,D,1,1,21,16,free,model,scripted
140,tit_for_tat,18,18,D,D,1,1,22,17,free,model,scripted
140,tit_for_tat,18,19,D,D,1,1,23,18,free,model,scripted
140,tit_for_tat,18,20,D,D,1,1,24,19,free,model,scripted
141,tit_for_two_tats,18,1,D,C,5,0,5,0,free,model,scripted
141,tit_for_two_tats,18,2,D,C,5,0,10,0,free,model,scripted
141,tit_for_two_tats,18,3,D,D,1,1,11,1,free,model,scripted
141,tit_for_two_tats,18,4,D,D,1,1,12,2,free,model,scripted
141,tit_for_two_tats,18,5,D,D,1,1,13,3,free,model,scripted
141,tit_for_two_tats,18,6,D,D,1,1,14,4,free,model,scripted
141,tit_for_two_tats,18,7,D,D,1,1,15,5,free,model,scripted
141,tit_for_two_tats,18,8,D,D,1,1,16,6,free,model,scripted
141,tit_for_two_tats,18,9,D,D,1,1,17,7,free,model,scripted
141,tit_for_two_tats,18,10,D,D,1,1,18,8,free,model,scripted
141,tit_for_two_tats,18,11,D,D,1,1,19,9,free,model,scripted
141,tit_for_two_tats,18,12,D,D,1,1,20,10,free,model,scripted
141,tit_for_two_tats,18,13,D,D,1,1,21,11,free,model,scripted
141,tit_for_two_tats,18,14,D,D,1,1,22,12,free,model,scripted
141,tit_for_two_tats,18,15,D,D,1,1,23,13,free,model,scripted
141,tit_for_two_tats,18,16,D,D,1,1,24,14,free,model,scripted
141,tit_for_two_tats,18,17,D,D,1,1,25,15,free,model,scripted
141,tit_for_two_tats,18,18,D,D,1,1,26,16,free,model,scripted
141,tit_for_two_tats,18,19,D,D,1,1,27,17,free,model,scripted
141,tit_for_two_tats,18,20,D,D,1,1,28,18,free,model,scripted
142,grim,18,1,C,C,3,3,3,3,free,model,scripted
142,grim,18,2,C,C,3,3,6,6,free,model,scripted
142,grim,18,3,C,C,3,3,9,9,free,model,scripted
142,grim,18,4,C,C,3,3,12,12,free,model,scripted
142,grim,18,5,C,C,3,3,15,15,free,model,scripted
142,grim,18,6,C,C,3,3,18,18,free,model,scripted
142,grim,18,7,C,C,3,3,21,21,free,model,scripted
142,grim,18,8,C,C,3,3,24,24,free,model,scripted
142,grim,18,9,C,C,3,3,27,27,free,model,scripted
142,grim,18,10,C,C,3,3,30,30,free,model,scripted
142,grim,18,11,C,C,3,3,33,33,free,model,scripted
142,grim,18,12,C,C,3,3,36,36,free,model,scripted
142,grim,18,13,C,C,3,3,39,39,free,model,scripted
142,grim,18,14,C,C,3,3,42,42,free,model,scripted
142,grim,18,15,C,C,3,3,45,45,free,model,scripted
142,grim,18,16,C,C,3,3,48,48,free,model,scripted
142,grim,18,17,C,C,3,3,51,51,free,model,scripted
142,grim,18,18,C,C,3,3,54,54,free,model,scripted
142,grim,18,19,C,C,3,3,57,57,free,model,scripted
142,grim,18,20,C,C,3,3,60,60,free,model,scripted
143,pavlov,18,1,D,C,5,0,5,0,free,model,scripted
143,pavlov,18,2,D,D,1,1,6,1,free,model,scripted
143,pavlov,18,3,D,C,5,0,11,1,free,model,scripted
143,pavlov,18,4,D,D,1,1,12,2,free,model,scripted
143,pavlov,18,5,D,C,5,0,17,2,free,model,scripted
143,pavlov,18,6,D,D,1,1,18,3,free,model,scripted
143,pavlov,18,7,D,C,5,0,23,3,free,model,scripted
143,pavlov,18,8,D,D,1,1,24,4,free,model,scripted
143,pavlov,18,9,D,C,5,0,29,4,free,model,scripted
143,pavlov,18,10,D,D,1,1,30,5,free,model,scripted
143,pavlov,18,11,D,C,5,0,35,5,free,model,scripted
143,pavlov,18,12,D,D,1,1,36,6,free,model,scripted
143,pavlov,18,13,D,C,5,0,41,6,free,model,scripted
143,pavlov,18,14,D,D,1,1,42,7,free,model,scripted
143,pavlov,18,15,D,C,5,0,47,7,free,model,scripted
143,pavlov,18,16,D,D,1,1,48,8,free,model,scripted
143,pavlov,18,17,D,C,5,0,53,8,free,model,scripted
143,pavlov,18,18,D,D,1,1,54,9,free,model,scripted
143,pavlov,18,19,D,C,5,0,59,9,free,model,scripted
143,pavlov,18,20,D,D,1,1,60,10,free,model,scripted
144,another_jev,18,1,C,C,3,3,3,3,free,model,model
144,another_jev,18,2,C,C,3,3,6,6,free,model,model
144,another_jev,18,3,C,C,3,3,9,9,free,model,model
144,another_jev,18,4,C,C,3,3,12,12,free,model,model
144,another_jev,18,5,C,C,3,3,15,15,free,model,model
144,another_jev,18,6,C,C,3,3,18,18,free,model,model
144,another_jev,18,7,C,C,3,3,21,21,free,model,model
144,another_jev,18,8,C,C,3,3,24,24,free,model,model
144,another_jev,18,9,C,C,3,3,27,27,free,model,model
144,another_jev,18,10,C,C,3,3,30,30,free,model,model
144,another_jev,18,11,C,C,3,3,33,33,free,model,model
144,another_jev,18,12,C,C,3,3,36,36,free,model,model
144,another_jev,18,13,C,C,3,3,39,39,free,model,model
144,another_jev,18,14,C,C,3,3,42,42,free,model,model
144,another_jev,18,15,C,C,3,3,45,45,free,model,model
144,another_jev,18,16,C,C,3,3,48,48,free,model,model
144,another_jev,18,17,C,C,3,3,51,51,free,model,model
144,another_jev,18,18,C,C,3,3,54,54,free,model,model
144,another_jev,18,19,C,C,3,3,57,57,free,model,model
144,another_jev,18,20,C,C,3,3,60,60,free,model,model
145,cooperator,19,1,D,C,5,0,5,0,free,model,scripted
145,cooperator,19,2,D,C,5,0,10,0,free,model,scripted
145,cooperator,19,3,D,C,5,0,15,0,free,model,scripted
145,cooperator,19,4,D,C,5,0,20,0,free,model,scripted
145,cooperator,19,5,D,C,5,0,25,0,free,model,scripted
145,cooperator,19,6,D,C,5,0,30,0,free,model,scripted
145,cooperator,19,7,D,C,5,0,35,0,free,model,scripted
145,cooperator,19,8,D,C,5,0,40,0,free,model,scripted
145,cooperator,19,9,D,C,5,0,45,0,free,model,scripted
145,cooperator,19,10,D,C,5,0,50,0,free,model,scripted
145,cooperator,19,11,D,C,5,0,55,0,free,model,scripted
145,cooperator,19,12,D,C,5,0,60,0,free,model,scripted
145,cooperator,19,13,D,C,5,0,65,0,free,model,scripted
145,cooperator,19,14,D,C,5,0,70,0,free,model,scripted
145,cooperator,19,15,D,C,5,0,75,0,free,model,scripted
145,cooperator,19,16,D,C,5,0,80,0,free,model,scripted
145,cooperator,19,17,D,C,5,0,85,0,free,model,scripted
145,cooperator,19,18,D,C,5,0,90,0,free,model,scripted
145,cooperator,19,19,D,C,5,0,95,0,free,model,scripted
145,cooperator,19,20,D,C,5,0,100,0,free,model,scripted
146,defector,19,1,D,D,1,1,1,1,free,model,scripted
146,defector,19,2,D,D,1,1,2,2,free,model,scripted
146,defector,19,3,D,D,1,1,3,3,free,model,scripted
146,defector,19,4,D,D,1,1,4,4,free,model,scripted
146,defector,19,5,D,D,1,1,5,5,free,model,scripted
146,defector,19,6,D,D,1,1,6,6,free,model,scripted
146,defector,19,7,D,D,1,1,7,7,free,model,scripted
146,defector,19,8,D,D,1,1,8,8,free,model,scripted
146,defector,19,9,D,D,1,1,9,9,free,model,scripted
146,defector,19,10,D,D,1,1,10,10,free,model,scripted
146,defector,19,11,D,D,1,1,11,11,free,model,scripted
146,defector,19,12,D,D,1,1,12,12,free,model,scripted
146,defector,19,13,D,D,1,1,13,13,free,model,scripted
146,defector,19,14,D,D,1,1,14,14,free,model,scripted
146,defector,19,15,D,D,1,1,15,15,free,model,scripted
146,defector,19,16,D,D,1,1,16,16,free,model,scripted
146,defector,19,17,D,D,1,1,17,17,free,model,scripted
146,defector,19,18,D,D,1,1,18,18,free,model,scripted
146,defector,19,19,D,D,1,1,19,19,free,model,scripted
146,defector,19,20,D,D,1,1,20,20,free,model,scripted
147,random,19,1,D,D,1,1,1,1,free,model,scripted
147,random,19,2,D,C,5,0,6,1,free,model,scripted
147,random,19,3,D,C,5,0,11,1,free,model,scripted
147,random,19,4,D,C,5,0,16,1,free,model,scripted
147,random,19,5,D,C,5,0,21,1,free,model,scripted
147,random,19,6,D,C,5,0,26,1,free,model,scripted
147,random,19,7,D,C,5,0,31,1,free,model,scripted
147,random,19,8,D,C,5,0,36,1,free,model,scripted
147,random,19,9,D,D,1,1,37,2,free,model,scripted
147,random,19,10,D,D,1,1,38,3,free,model,scripted
147,random,19,11,D,D,1,1,39,4,free,model,scripted
147,random,19,12,D,C,5,0,44,4,free,model,scripted
147,random,19,13,D,C,5,0,49,4,free,model,scripted
147,random,19,14,D,C,5,0,54,4,free,model,scripted
147,random,19,15,D,D,1,1,55,5,free,model,scripted
147,random,19,16,D,D,1,1,56,6,free,model,scripted
147,random,19,17,D,C,5,0,61,6,free,model,scripted
147,random,19,18,D,C,5,0,66,6,free,model,scripted
147,random,19,19,D,C,5,0,71,6,free,model,scripted
147,random,19,20,D,D,1,1,72,7,free,model,scripted
148,tit_for_tat,19,1,C,C,3,3,3,3,free,model,scripted
148,tit_for_tat,19,2,C,C,3,3,6,6,free,model,scripted
148,tit_for_tat,19,3,C,C,3,3,9,9,free,model,scripted
148,tit_for_tat,19,4,C,C,3,3,12,12,free,model,scripted
148,tit_for_tat,19,5,C,C,3,3,15,15,free,model,scripted
148,tit_for_tat,19,6,C,C,3,3,18,18,free,model,scripted
148,tit_for_tat,19,7,C,C,3,3,21,21,free,model,scripted
148,tit_for_tat,19,8,C,C,3,3,24,24,free,model,scripted
148,tit_for_tat,19,9,C,C,3,3,27,27,free,model,scripted
148,tit_for_tat,19,10,C,C,3,3,30,30,free,model,scripted
148,tit_for_tat,19,11,C,C,3,3,33,33,free,model,scripted
148,tit_for_tat,19,12,C,C,3,3,36,36,free,model,scripted
148,tit_for_tat,19,13,C,C,3,3,39,39,free,model,scripted
148,tit_for_tat,19,14,C,C,3,3,42,42,free,model,scripted
148,tit_for_tat,19,15,C,C,3,3,45,45,free,model,scripted
148,tit_for_tat,19,16,C,C,3,3,48,48,free,model,scripted
148,tit_for_tat,19,17,C,C,3,3,51,51,free,model,scripted
148,tit_for_tat,19,18,C,C,3,3,54,54,free,model,scripted
148,tit_for_tat,19,19,C,C,3,3,57,57,free,model,scripted
148,tit_for_tat,19,20,C,C,3,3,60,60,free,model,scripted
149,tit_for_two_tats,19,1,C,C,3,3,3,3,free,model,scripted
149,tit_for_two_tats,19,2,C,C,3,3,6,6,free,model,scripted
149,tit_for_two_tats,19,3,C,C,3,3,9,9,free,model,scripted
149,tit_for_two_tats,19,4,C,C,3,3,12,12,free,model,scripted
149,tit_for_two_tats,19,5,C,C,3,3,15,15,free,model,scripted
149,tit_for_two_tats,19,6,C,C,3,3,18,18,free,model,scripted
149,tit_for_two_tats,19,7,C,C,3,3,21,21,free,model,scripted
149,tit_for_two_tats,19,8,C,C,3,3,24,24,free,model,scripted
149,tit_for_two_tats,19,9,C,C,3,3,27,27,free,model,scripted
149,tit_for_two_tats,19,10,C,C,3,3,30,30,free,model,scripted
149,tit_for_two_tats,19,11,C,C,3,3,33,33,free,model,scripted
149,tit_for_two_tats,19,12,C,C,3,3,36,36,free,model,scripted
149,tit_for_two_tats,19,13,C,C,3,3,39,39,free,model,scripted
149,tit_for_two_tats,19,14,C,C,3,3,42,42,free,model,scripted
149,tit_for_two_tats,19,15,C,C,3,3,45,45,free,model,scripted
149,tit_for_two_tats,19,16,C,C,3,3,48,48,free,model,scripted
149,tit_for_two_tats,19,17,C,C,3,3,51,51,free,model,scripted
149,tit_for_two_tats,19,18,C,C,3,3,54,54,free,model,scripted
149,tit_for_two_tats,19,19,C,C,3,3,57,57,free,model,scripted
149,tit_for_two_tats,19,20,C,C,3,3,60,60,free,model,scripted
150,grim,19,1,C,C,3,3,3,3,free,model,scripted
150,grim,19,2,C,C,3,3,6,6,free,model,scripted
150,grim,19,3,C,C,3,3,9,9,free,model,scripted
150,grim,19,4,C,C,3,3,12,12,free,model,scripted
150,grim,19,5,C,C,3,3,15,15,free,model,scripted
150,grim,19,6,C,C,3,3,18,18,free,model,scripted
150,grim,19,7,C,C,3,3,21,21,free,model,scripted
150,grim,19,8,C,C,3,3,24,24,free,model,scripted
150,grim,19,9,C,C,3,3,27,27,free,model,scripted
150,grim,19,10,C,C,3,3,30,30,free,model,scripted
150,grim,19,11,C,C,3,3,33,33,free,model,scripted
150,grim,19,12,C,C,3,3,36,36,free,model,scripted
150,grim,19,13,C,C,3,3,39,39,free,model,scripted
150,grim,19,14,C,C,3,3,42,42,free,model,scripted
150,grim,19,15,C,C,3,3,45,45,free,model,scripted
150,grim,19,16,C,C,3,3,48,48,free,model,scripted
150,grim,19,17,C,C,3,3,51,51,free,model,scripted
150,grim,19,18,C,C,3,3,54,54,free,model,scripted
150,grim,19,19,C,C,3,3,57,57,free,model,scripted
150,grim,19,20,C,C,3,3,60,60,free,model,scripted
151,pavlov,19,1,C,C,3,3,3,3,free,model,scripted
151,pavlov,19,2,C,C,3,3,6,6,free,model,scripted
151,pavlov,19,3,C,C,3,3,9,9,free,model,scripted
151,pavlov,19,4,C,C,3,3,12,12,free,model,scripted
151,pavlov,19,5,C,C,3,3,15,15,free,model,scripted
151,pavlov,19,6,C,C,3,3,18,18,free,model,scripted
151,pavlov,19,7,C,C,3,3,21,21,free,model,scripted
151,pavlov,19,8,C,C,3,3,24,24,free,model,scripted
151,pavlov,19,9,C,C,3,3,27,27,free,model,scripted
151,pavlov,19,10,C,C,3,3,30,30,free,model,scripted
151,pavlov,19,11,C,C,3,3,33,33,free,model,scripted
151,pavlov,19,12,C,C,3,3,36,36,free,model,scripted
151,pavlov,19,13,C,C,3,3,39,39,free,model,scripted
151,pavlov,19,14,C,C,3,3,42,42,free,model,scripted
151,pavlov,19,15,C,C,3,3,45,45,free,model,scripted
151,pavlov,19,16,C,C,3,3,48,48,free,model,scripted
151,pavlov,19,17,C,C,3,3,51,51,free,model,scripted
151,pavlov,19,18,C,C,3,3,54,54,free,model,scripted
151,pavlov,19,19,C,C,3,3,57,57,free,model,scripted
151,pavlov,19,20,C,C,3,3,60,60,free,model,scripted
152,another_jev,19,1,D,D,1,1,1,1,free,model,model
152,another_jev,19,2,D,D,1,1,2,2,free,model,model
152,another_jev,19,3,D,D,1,1,3,3,free,model,model
152,another_jev,19,4,D,D,1,1,4,4,free,model,model
152,another_jev,19,5,D,D,1,1,5,5,free,model,model
152,another_jev,19,6,D,D,1,1,6,6,free,model,model
152,another_jev,19,7,D,D,1,1,7,7,free,model,model
152,another_jev,19,8,D,D,1,1,8,8,free,model,model
152,another_jev,19,9,D,D,1,1,9,9,free,model,model
152,another_jev,19,10,D,D,1,1,10,10,free,model,model
152,another_jev,19,11,D,D,1,1,11,11,free,model,model
152,another_jev,19,12,D,D,1,1,12,12,free,model,model
152,another_jev,19,13,D,D,1,1,13,13,free,model,model
152,another_jev,19,14,D,D,1,1,14,14,free,model,model
152,another_jev,19,15,D,D,1,1,15,15,free,model,model
152,another_jev,19,16,D,D,1,1,16,16,free,model,model
152,another_jev,19,17,D,D,1,1,17,17,free,model,model
152,another_jev,19,18,D,D,1,1,18,18,free,model,model
152,another_jev,19,19,D,D,1,1,19,19,free,model,model
152,another_jev,19,20,D,D,1,1,20,20,free,model,model
153,cooperator,20,1,D,C,5,0,5,0,free,model,scripted
153,cooperator,20,2,D,C,5,0,10,0,free,model,scripted
153,cooperator,20,3,D,C,5,0,15,0,free,model,scripted
153,cooperator,20,4,D,C,5,0,20,0,free,model,scripted
153,cooperator,20,5,D,C,5,0,25,0,free,model,scripted
153,cooperator,20,6,D,C,5,0,30,0,free,model,scripted
153,cooperator,20,7,D,C,5,0,35,0,free,model,scripted
153,cooperator,20,8,D,C,5,0,40,0,free,model,scripted
153,cooperator,20,9,D,C,5,0,45,0,free,model,scripted
153,cooperator,20,10,D,C,5,0,50,0,free,model,scripted
153,cooperator,20,11,D,C,5,0,55,0,free,model,scripted
153,cooperator,20,12,D,C,5,0,60,0,free,model,scripted
153,cooperator,20,13,D,C,5,0,65,0,free,model,scripted
153,cooperator,20,14,D,C,5,0,70,0,free,model,scripted
153,cooperator,20,15,D,C,5,0,75,0,free,model,scripted
153,cooperator,20,16,D,C,5,0,80,0,free,model,scripted
153,cooperator,20,17,D,C,5,0,85,0,free,model,scripted
153,cooperator,20,18,D,C,5,0,90,0,free,model,scripted
153,cooperator,20,19,D,C,5,0,95,0,free,model,scripted
153,cooperator,20,20,D,C,5,0,100,0,free,model,scripted
154,defector,20,1,D,D,1,1,1,1,free,model,scripted
154,defector,20,2,D,D,1,1,2,2,free,model,scripted
154,defector,20,3,D,D,1,1,3,3,free,model,scripted
154,defector,20,4,D,D,1,1,4,4,free,model,scripted
154,defector,20,5,D,D,1,1,5,5,free,model,scripted
154,defector,20,6,D,D,1,1,6,6,free,model,scripted
154,defector,20,7,D,D,1,1,7,7,free,model,scripted
154,defector,20,8,D,D,1,1,8,8,free,model,scripted
154,defector,20,9,D,D,1,1,9,9,free,model,scripted
154,defector,20,10,D,D,1,1,10,10,free,model,scripted
154,defector,20,11,D,D,1,1,11,11,free,model,scripted
154,defector,20,12,D,D,1,1,12,12,free,model,scripted
154,defector,20,13,D,D,1,1,13,13,free,model,scripted
154,defector,20,14,D,D,1,1,14,14,free,model,scripted
154,defector,20,15,D,D,1,1,15,15,free,model,scripted
154,defector,20,16,D,D,1,1,16,16,free,model,scripted
154,defector,20,17,D,D,1,1,17,17,free,model,scripted
154,defector,20,18,D,D,1,1,18,18,free,model,scripted
154,defector,20,19,D,D,1,1,19,19,free,model,scripted
154,defector,20,20,D,D,1,1,20,20,free,model,scripted
155,random,20,1,D,D,1,1,1,1,free,model,scripted
155,random,20,2,D,D,1,1,2,2,free,model,scripted
155,random,20,3,D,C,5,0,7,2,free,model,scripted
155,random,20,4,D,D,1,1,8,3,free,model,scripted
155,random,20,5,D,C,5,0,13,3,free,model,scripted
155,random,20,6,D,D,1,1,14,4,free,model,scripted
155,random,20,7,D,D,1,1,15,5,free,model,scripted
155,random,20,8,D,D,1,1,16,6,free,model,scripted
155,random,20,9,D,C,5,0,21,6,free,model,scripted
155,random,20,10,D,C,5,0,26,6,free,model,scripted
155,random,20,11,D,C,5,0,31,6,free,model,scripted
155,random,20,12,D,C,5,0,36,6,free,model,scripted
155,random,20,13,D,D,1,1,37,7,free,model,scripted
155,random,20,14,D,C,5,0,42,7,free,model,scripted
155,random,20,15,D,C,5,0,47,7,free,model,scripted
155,random,20,16,D,D,1,1,48,8,free,model,scripted
155,random,20,17,D,C,5,0,53,8,free,model,scripted
155,random,20,18,D,C,5,0,58,8,free,model,scripted
155,random,20,19,D,D,1,1,59,9,free,model,scripted
155,random,20,20,D,D,1,1,60,10,free,model,scripted
156,tit_for_tat,20,1,C,C,3,3,3,3,free,model,scripted
156,tit_for_tat,20,2,C,C,3,3,6,6,free,model,scripted
156,tit_for_tat,20,3,C,C,3,3,9,9,free,model,scripted
156,tit_for_tat,20,4,C,C,3,3,12,12,free,model,scripted
156,tit_for_tat,20,5,C,C,3,3,15,15,free,model,scripted
156,tit_for_tat,20,6,C,C,3,3,18,18,free,model,scripted
156,tit_for_tat,20,7,C,C,3,3,21,21,free,model,scripted
156,tit_for_tat,20,8,C,C,3,3,24,24,free,model,scripted
156,tit_for_tat,20,9,C,C,3,3,27,27,free,model,scripted
156,tit_for_tat,20,10,C,C,3,3,30,30,free,model,scripted
156,tit_for_tat,20,11,C,C,3,3,33,33,free,model,scripted
156,tit_for_tat,20,12,C,C,3,3,36,36,free,model,scripted
156,tit_for_tat,20,13,C,C,3,3,39,39,free,model,scripted
156,tit_for_tat,20,14,C,C,3,3,42,42,free,model,scripted
156,tit_for_tat,20,15,C,C,3,3,45,45,free,model,scripted
156,tit_for_tat,20,16,C,C,3,3,48,48,free,model,scripted
156,tit_for_tat,20,17,C,C,3,3,51,51,free,model,scripted
156,tit_for_tat,20,18,C,C,3,3,54,54,free,model,scripted
156,tit_for_tat,20,19,C,C,3,3,57,57,free,model,scripted
156,tit_for_tat,20,20,C,C,3,3,60,60,free,model,scripted
157,tit_for_two_tats,20,1,C,C,3,3,3,3,free,model,scripted
157,tit_for_two_tats,20,2,C,C,3,3,6,6,free,model,scripted
157,tit_for_two_tats,20,3,C,C,3,3,9,9,free,model,scripted
157,tit_for_two_tats,20,4,C,C,3,3,12,12,free,model,scripted
157,tit_for_two_tats,20,5,C,C,3,3,15,15,free,model,scripted
157,tit_for_two_tats,20,6,C,C,3,3,18,18,free,model,scripted
157,tit_for_two_tats,20,7,C,C,3,3,21,21,free,model,scripted
157,tit_for_two_tats,20,8,C,C,3,3,24,24,free,model,scripted
157,tit_for_two_tats,20,9,C,C,3,3,27,27,free,model,scripted
157,tit_for_two_tats,20,10,C,C,3,3,30,30,free,model,scripted
157,tit_for_two_tats,20,11,C,C,3,3,33,33,free,model,scripted
157,tit_for_two_tats,20,12,C,C,3,3,36,36,free,model,scripted
157,tit_for_two_tats,20,13,C,C,3,3,39,39,free,model,scripted
157,tit_for_two_tats,20,14,C,C,3,3,42,42,free,model,scripted
157,tit_for_two_tats,20,15,C,C,3,3,45,45,free,model,scripted
157,tit_for_two_tats,20,16,C,C,3,3,48,48,free,model,scripted
157,tit_for_two_tats,20,17,C,C,3,3,51,51,free,model,scripted
157,tit_for_two_tats,20,18,C,C,3,3,54,54,free,model,scripted
157,tit_for_two_tats,20,19,C,C,3,3,57,57,free,model,scripted
157,tit_for_two_tats,20,20,C,C,3,3,60,60,free,model,scripted
158,grim,20,1,D,C,5,0,5,0,free,model,scripted
158,grim,20,2,D,D,1,1,6,1,free,model,scripted
158,grim,20,3,D,D,1,1,7,2,free,model,scripted
158,grim,20,4,D,D,1,1,8,3,free,model,scripted
158,grim,20,5,D,D,1,1,9,4,free,model,scripted
158,grim,20,6,D,D,1,1,10,5,free,model,scripted
158,grim,20,7,D,D,1,1,11,6,free,model,scripted
158,grim,20,8,D,D,1,1,12,7,free,model,scripted
158,grim,20,9,D,D,1,1,13,8,free,model,scripted
158,grim,20,10,D,D,1,1,14,9,free,model,scripted
158,grim,20,11,D,D,1,1,15,10,free,model,scripted
158,grim,20,12,D,D,1,1,16,11,free,model,scripted
158,grim,20,13,D,D,1,1,17,12,free,model,scripted
158,grim,20,14,D,D,1,1,18,13,free,model,scripted
158,grim,20,15,D,D,1,1,19,14,free,model,scripted
158,grim,20,16,D,D,1,1,20,15,free,model,scripted
158,grim,20,17,D,D,1,1,21,16,free,model,scripted
158,grim,20,18,D,D,1,1,22,17,free,model,scripted
158,grim,20,19,D,D,1,1,23,18,free,model,scripted
158,grim,20,20,D,D,1,1,24,19,free,model,scripted
159,pavlov,20,1,C,C,3,3,3,3,free,model,scripted
159,pavlov,20,2,C,C,3,3,6,6,free,model,scripted
159,pavlov,20,3,C,C,3,3,9,9,free,model,scripted
159,pavlov,20,4,C,C,3,3,12,12,free,model,scripted
159,pavlov,20,5,C,C,3,3,15,15,free,model,scripted
159,pavlov,20,6,C,C,3,3,18,18,free,model,scripted
159,pavlov,20,7,C,C,3,3,21,21,free,model,scripted
159,pavlov,20,8,C,C,3,3,24,24,free,model,scripted
159,pavlov,20,9,C,C,3,3,27,27,free,model,scripted
159,pavlov,20,10,C,C,3,3,30,30,free,model,scripted
159,pavlov,20,11,C,C,3,3,33,33,free,model,scripted
159,pavlov,20,12,C,C,3,3,36,36,free,model,scripted
159,pavlov,20,13,C,C,3,3,39,39,free,model,scripted
159,pavlov,20,14,C,C,3,3,42,42,free,model,scripted
159,pavlov,20,15,C,C,3,3,45,45,free,model,scripted
159,pavlov,20,16,C,C,3,3,48,48,free,model,scripted
159,pavlov,20,17,C,C,3,3,51,51,free,model,scripted
159,pavlov,20,18,C,C,3,3,54,54,free,model,scripted
159,pavlov,20,19,C,C,3,3,57,57,free,model,scripted
159,pavlov,20,20,C,C,3,3,60,60,free,model,scripted
160,another_jev,20,1,D,C,5,0,5,0,free,model,model
160,another_jev,20,2,D,D,1,1,6,1,free,model,model
160,another_jev,20,3,D,D,1,1,7,2,free,model,model
160,another_jev,20,4,D,D,1,1,8,3,free,model,model
160,another_jev,20,5,D,D,1,1,9,4,free,model,model
160,another_jev,20,6,D,D,1,1,10,5,free,model,model
160,another_jev,20,7,D,D,1,1,11,6,free,model,model
160,another_jev,20,8,D,D,1,1,12,7,free,model,model
160,another_jev,20,9,D,D,1,1,13,8,free,model,model
160,another_jev,20,10,D,D,1,1,14,9,free,model,model
160,another_jev,20,11,D,D,1,1,15,10,free,model,model
160,another_jev,20,12,D,D,1,1,16,11,free,model,model
160,another_jev,20,13,D,D,1,1,17,12,free,model,model
160,another_jev,20,14,D,D,1,1,18,13,free,model,model
160,another_jev,20,15,D,D,1,1,19,14,free,model,model
160,another_jev,20,16,D,D,1,1,20,15,free,model,model
160,another_jev,20,17,D,D,1,1,21,16,free,model,model
160,another_jev,20,18,D,D,1,1,22,17,free,model,model
160,another_jev,20,19,D,D,1,1,23,18,free,model,model
160,another_jev,20,20,D,D,1,1,24,19,free,model,model
161,delayed_betrayal,1,1,D,C,5,0,5,0,free,model,scripted
161,delayed_betrayal,1,2,D,C,5,0,10,0,free,model,scripted
161,delayed_betrayal,1,3,D,C,5,0,15,0,free,model,scripted
161,delayed_betrayal,1,4,D,C,5,0,20,0,free,model,scripted
161,delayed_betrayal,1,5,D,C,5,0,25,0,free,model,scripted
161,delayed_betrayal,1,6,D,D,1,1,26,1,free,model,scripted
161,delayed_betrayal,1,7,D,C,5,0,31,1,free,model,scripted
161,delayed_betrayal,1,8,D,C,5,0,36,1,free,model,scripted
161,delayed_betrayal,1,9,D,C,5,0,41,1,free,model,scripted
161,delayed_betrayal,1,10,D,C,5,0,46,1,free,model,scripted
161,delayed_betrayal,1,11,D,C,5,0,51,1,free,model,scripted
161,delayed_betrayal,1,12,D,C,5,0,56,1,free,model,scripted
161,delayed_betrayal,1,13,D,C,5,0,61,1,free,model,scripted
161,delayed_betrayal,1,14,D,C,5,0,66,1,free,model,scripted
161,delayed_betrayal,1,15,D,C,5,0,71,1,free,model,scripted
161,delayed_betrayal,1,16,D,C,5,0,76,1,free,model,scripted
161,delayed_betrayal,1,17,D,C,5,0,81,1,free,model,scripted
161,delayed_betrayal,1,18,D,C,5,0,86,1,free,model,scripted
161,delayed_betrayal,1,19,D,C,5,0,91,1,free,model,scripted
161,delayed_betrayal,1,20,D,C,5,0,96,1,free,model,scripted
162,delayed_betrayal,2,1,C,C,3,3,3,3,free,model,scripted
162,delayed_betrayal,2,2,C,C,3,3,6,6,free,model,scripted
162,delayed_betrayal,2,3,C,C,3,3,9,9,free,model,scripted
162,delayed_betrayal,2,4,C,C,3,3,12,12,free,model,scripted
162,delayed_betrayal,2,5,C,C,3,3,15,15,free,model,scripted
162,delayed_betrayal,2,6,C,D,0,5,15,20,free,model,scripted
162,delayed_betrayal,2,7,D,C,5,0,20,20,free,model,scripted
162,delayed_betrayal,2,8,C,C,3,3,23,23,free,model,scripted
162,delayed_betrayal,2,9,C,C,3,3,26,26,free,model,scripted
162,delayed_betrayal,2,10,C,C,3,3,29,29,free,model,scripted
162,delayed_betrayal,2,11,C,C,3,3,32,32,free,model,scripted
162,delayed_betrayal,2,12,C,C,3,3,35,35,free,model,scripted
162,delayed_betrayal,2,13,C,C,3,3,38,38,free,model,scripted
162,delayed_betrayal,2,14,C,C,3,3,41,41,free,model,scripted
162,delayed_betrayal,2,15,C,C,3,3,44,44,free,model,scripted
162,delayed_betrayal,2,16,C,C,3,3,47,47,free,model,scripted
162,delayed_betrayal,2,17,C,C,3,3,50,50,free,model,scripted
162,delayed_betrayal,2,18,C,C,3,3,53,53,free,model,scripted
162,delayed_betrayal,2,19,C,C,3,3,56,56,free,model,scripted
162,delayed_betrayal,2,20,C,C,3,3,59,59,free,model,scripted
163,delayed_betrayal,3,1,D,C,5,0,5,0,free,model,scripted
163,delayed_betrayal,3,2,D,C,5,0,10,0,free,model,scripted
163,delayed_betrayal,3,3,D,C,5,0,15,0,free,model,scripted
163,delayed_betrayal,3,4,D,C,5,0,20,0,free,model,scripted
163,delayed_betrayal,3,5,D,C,5,0,25,0,free,model,scripted
163,delayed_betrayal,3,6,D,D,1,1,26,1,free,model,scripted
163,delayed_betrayal,3,7,D,C,5,0,31,1,free,model,scripted
163,delayed_betrayal,3,8,D,C,5,0,36,1,free,model,scripted
163,delayed_betrayal,3,9,D,C,5,0,41,1,free,model,scripted
163,delayed_betrayal,3,10,D,C,5,0,46,1,free,model,scripted
163,delayed_betrayal,3,11,D,C,5,0,51,1,free,model,scripted
163,delayed_betrayal,3,12,D,C,5,0,56,1,free,model,scripted
163,delayed_betrayal,3,13,D,C,5,0,61,1,free,model,scripted
163,delayed_betrayal,3,14,D,C,5,0,66,1,free,model,scripted
163,delayed_betrayal,3,15,D,C,5,0,71,1,free,model,scripted
163,delayed_betrayal,3,16,D,C,5,0,76,1,free,model,scripted
163,delayed_betrayal,3,17,D,C,5,0,81,1,free,model,scripted
163,delayed_betrayal,3,18,D,C,5,0,86,1,free,model,scripted
163,delayed_betrayal,3,19,D,C,5,0,91,1,free,model,scripted
163,delayed_betrayal,3,20,D,C,5,0,96,1,free,model,scripted
164,delayed_betrayal,4,1,C,C,3,3,3,3,free,model,scripted
164,delayed_betrayal,4,2,C,C,3,3,6,6,free,model,scripted
164,delayed_betrayal,4,3,C,C,3,3,9,9,free,model,scripted
164,delayed_betrayal,4,4,C,C,3,3,12,12,free,model,scripted
164,delayed_betrayal,4,5,C,C,3,3,15,15,free,model,scripted
164,delayed_betrayal,4,6,C,D,0,5,15,20,free,model,scripted
164,delayed_betrayal,4,7,D,C,5,0,20,20,free,model,scripted
164,delayed_betrayal,4,8,C,C,3,3,23,23,free,model,scripted
164,delayed_betrayal,4,9,C,C,3,3,26,26,free,model,scripted
164,delayed_betrayal,4,10,C,C,3,3,29,29,free,model,scripted
164,delayed_betrayal,4,11,C,C,3,3,32,32,free,model,scripted
164,delayed_betrayal,4,12,C,C,3,3,35,35,free,model,scripted
164,delayed_betrayal,4,13,C,C,3,3,38,38,free,model,scripted
164,delayed_betrayal,4,14,C,C,3,3,41,41,free,model,scripted
164,delayed_betrayal,4,15,C,C,3,3,44,44,free,model,scripted
164,delayed_betrayal,4,16,C,C,3,3,47,47,free,model,scripted
164,delayed_betrayal,4,17,C,C,3,3,50,50,free,model,scripted
164,delayed_betrayal,4,18,C,C,3,3,53,53,free,model,scripted
164,delayed_betrayal,4,19,C,C,3,3,56,56,free,model,scripted
164,delayed_betrayal,4,20,C,C,3,3,59,59,free,model,scripted
165,delayed_betrayal,5,1,C,C,3,3,3,3,free,model,scripted
165,delayed_betrayal,5,2,C,C,3,3,6,6,free,model,scripted
165,delayed_betrayal,5,3,C,C,3,3,9,9,free,model,scripted
165,delayed_betrayal,5,4,C,C,3,3,12,12,free,model,scripted
165,delayed_betrayal,5,5,C,C,3,3,15,15,free,model,scripted
165,delayed_betrayal,5,6,C,D,0,5,15,20,free,model,scripted
165,delayed_betrayal,5,7,D,C,5,0,20,20,free,model,scripted
165,delayed_betrayal,5,8,C,C,3,3,23,23,free,model,scripted
165,delayed_betrayal,5,9,C,C,3,3,26,26,free,model,scripted
165,delayed_betrayal,5,10,C,C,3,3,29,29,free,model,scripted
165,delayed_betrayal,5,11,C,C,3,3,32,32,free,model,scripted
165,delayed_betrayal,5,12,C,C,3,3,35,35,free,model,scripted
165,delayed_betrayal,5,13,C,C,3,3,38,38,free,model,scripted
165,delayed_betrayal,5,14,C,C,3,3,41,41,free,model,scripted
165,delayed_betrayal,5,15,C,C,3,3,44,44,free,model,scripted
165,delayed_betrayal,5,16,C,C,3,3,47,47,free,model,scripted
165,delayed_betrayal,5,17,C,C,3,3,50,50,free,model,scripted
165,delayed_betrayal,5,18,C,C,3,3,53,53,free,model,scripted
165,delayed_betrayal,5,19,C,C,3,3,56,56,free,model,scripted
165,delayed_betrayal,5,20,C,C,3,3,59,59,free,model,scripted
166,delayed_betrayal,6,1,C,C,3,3,3,3,free,model,scripted
166,delayed_betrayal,6,2,C,C,3,3,6,6,free,model,scripted
166,delayed_betrayal,6,3,C,C,3,3,9,9,free,model,scripted
166,delayed_betrayal,6,4,C,C,3,3,12,12,free,model,scripted
166,delayed_betrayal,6,5,C,C,3,3,15,15,free,model,scripted
166,delayed_betrayal,6,6,C,D,0,5,15,20,free,model,scripted
166,delayed_betrayal,6,7,D,C,5,0,20,20,free,model,scripted
166,delayed_betrayal,6,8,D,C,5,0,25,20,free,model,scripted
166,delayed_betrayal,6,9,D,C,5,0,30,20,free,model,scripted
166,delayed_betrayal,6,10,D,C,5,0,35,20,free,model,scripted
166,delayed_betrayal,6,11,D,C,5,0,40,20,free,model,scripted
166,delayed_betrayal,6,12,D,C,5,0,45,20,free,model,scripted
166,delayed_betrayal,6,13,D,C,5,0,50,20,free,model,scripted
166,delayed_betrayal,6,14,D,C,5,0,55,20,free,model,scripted
166,delayed_betrayal,6,15,D,C,5,0,60,20,free,model,scripted
166,delayed_betrayal,6,16,D,C,5,0,65,20,free,model,scripted
166,delayed_betrayal,6,17,D,C,5,0,70,20,free,model,scripted
166,delayed_betrayal,6,18,D,C,5,0,75,20,free,model,scripted
166,delayed_betrayal,6,19,D,C,5,0,80,20,free,model,scripted
166,delayed_betrayal,6,20,D,C,5,0,85,20,free,model,scripted
167,delayed_betrayal,7,1,D,C,5,0,5,0,free,model,scripted
167,delayed_betrayal,7,2,D,C,5,0,10,0,free,model,scripted
167,delayed_betrayal,7,3,D,C,5,0,15,0,free,model,scripted
167,delayed_betrayal,7,4,D,C,5,0,20,0,free,model,scripted
167,delayed_betrayal,7,5,D,C,5,0,25,0,free,model,scripted
167,delayed_betrayal,7,6,D,D,1,1,26,1,free,model,scripted
167,delayed_betrayal,7,7,D,C,5,0,31,1,free,model,scripted
167,delayed_betrayal,7,8,D,C,5,0,36,1,free,model,scripted
167,delayed_betrayal,7,9,D,C,5,0,41,1,free,model,scripted
167,delayed_betrayal,7,10,D,C,5,0,46,1,free,model,scripted
167,delayed_betrayal,7,11,D,C,5,0,51,1,free,model,scripted
167,delayed_betrayal,7,12,D,C,5,0,56,1,free,model,scripted
167,delayed_betrayal,7,13,D,C,5,0,61,1,free,model,scripted
167,delayed_betrayal,7,14,D,C,5,0,66,1,free,model,scripted
167,delayed_betrayal,7,15,D,C,5,0,71,1,free,model,scripted
167,delayed_betrayal,7,16,D,C,5,0,76,1,free,model,scripted
167,delayed_betrayal,7,17,D,C,5,0,81,1,free,model,scripted
167,delayed_betrayal,7,18,D,C,5,0,86,1,free,model,scripted
167,delayed_betrayal,7,19,D,C,5,0,91,1,free,model,scripted
167,delayed_betrayal,7,20,D,C,5,0,96,1,free,model,scripted
168,delayed_betrayal,8,1,C,C,3,3,3,3,free,model,scripted
168,delayed_betrayal,8,2,C,C,3,3,6,6,free,model,scripted
168,delayed_betrayal,8,3,C,C,3,3,9,9,free,model,scripted
168,delayed_betrayal,8,4,C,C,3,3,12,12,free,model,scripted
168,delayed_betrayal,8,5,C,C,3,3,15,15,free,model,scripted
168,delayed_betrayal,8,6,C,D,0,5,15,20,free,model,scripted
168,delayed_betrayal,8,7,D,C,5,0,20,20,free,model,scripted
168,delayed_betrayal,8,8,D,C,5,0,25,20,free,model,scripted
168,delayed_betrayal,8,9,D,C,5,0,30,20,free,model,scripted
168,delayed_betrayal,8,10,D,C,5,0,35,20,free,model,scripted
168,delayed_betrayal,8,11,D,C,5,0,40,20,free,model,scripted
168,delayed_betrayal,8,12,D,C,5,0,45,20,free,model,scripted
168,delayed_betrayal,8,13,D,C,5,0,50,20,free,model,scripted
168,delayed_betrayal,8,14,D,C,5,0,55,20,free,model,scripted
168,delayed_betrayal,8,15,D,C,5,0,60,20,free,model,scripted
168,delayed_betrayal,8,16,D,C,5,0,65,20,free,model,scripted
168,delayed_betrayal,8,17,D,C,5,0,70,20,free,model,scripted
168,delayed_betrayal,8,18,D,C,5,0,75,20,free,model,scripted
168,delayed_betrayal,8,19,D,C,5,0,80,20,free,model,scripted
168,delayed_betrayal,8,20,D,C,5,0,85,20,free,model,scripted
169,delayed_betrayal,9,1,D,C,5,0,5,0,free,model,scripted
169,delayed_betrayal,9,2,D,C,5,0,10,0,free,model,scripted
169,delayed_betrayal,9,3,D,C,5,0,15,0,free,model,scripted
169,delayed_betrayal,9,4,D,C,5,0,20,0,free,model,scripted
169,delayed_betrayal,9,5,D,C,5,0,25,0,free,model,scripted
169,delayed_betrayal,9,6,D,D,1,1,26,1,free,model,scripted
169,delayed_betrayal,9,7,D,C,5,0,31,1,free,model,scripted
169,delayed_betrayal,9,8,D,C,5,0,36,1,free,model,scripted
169,delayed_betrayal,9,9,D,C,5,0,41,1,free,model,scripted
169,delayed_betrayal,9,10,D,C,5,0,46,1,free,model,scripted
169,delayed_betrayal,9,11,D,C,5,0,51,1,free,model,scripted
169,delayed_betrayal,9,12,D,C,5,0,56,1,free,model,scripted
169,delayed_betrayal,9,13,D,C,5,0,61,1,free,model,scripted
169,delayed_betrayal,9,14,D,C,5,0,66,1,free,model,scripted
169,delayed_betrayal,9,15,D,C,5,0,71,1,free,model,scripted
169,delayed_betrayal,9,16,D,C,5,0,76,1,free,model,scripted
169,delayed_betrayal,9,17,D,C,5,0,81,1,free,model,scripted
169,delayed_betrayal,9,18,D,C,5,0,86,1,free,model,scripted
169,delayed_betrayal,9,19,D,C,5,0,91,1,free,model,scripted
169,delayed_betrayal,9,20,D,C,5,0,96,1,free,model,scripted
170,delayed_betrayal,10,1,D,C,5,0,5,0,free,model,scripted
170,delayed_betrayal,10,2,D,C,5,0,10,0,free,model,scripted
170,delayed_betrayal,10,3,D,C,5,0,15,0,free,model,scripted
170,delayed_betrayal,10,4,D,C,5,0,20,0,free,model,scripted
170,delayed_betrayal,10,5,D,C,5,0,25,0,free,model,scripted
170,delayed_betrayal,10,6,D,D,1,1,26,1,free,model,scripted
170,delayed_betrayal,10,7,D,C,5,0,31,1,free,model,scripted
170,delayed_betrayal,10,8,D,C,5,0,36,1,free,model,scripted
170,delayed_betrayal,10,9,D,C,5,0,41,1,free,model,scripted
170,delayed_betrayal,10,10,D,C,5,0,46,1,free,model,scripted
170,delayed_betrayal,10,11,D,C,5,0,51,1,free,model,scripted
170,delayed_betrayal,10,12,D,C,5,0,56,1,free,model,scripted
170,delayed_betrayal,10,13,D,C,5,0,61,1,free,model,scripted
170,delayed_betrayal,10,14,D,C,5,0,66,1,free,model,scripted
170,delayed_betrayal,10,15,D,C,5,0,71,1,free,model,scripted
170,delayed_betrayal,10,16,D,C,5,0,76,1,free,model,scripted
170,delayed_betrayal,10,17,D,C,5,0,81,1,free,model,scripted
170,delayed_betrayal,10,18,D,C,5,0,86,1,free,model,scripted
170,delayed_betrayal,10,19,D,C,5,0,91,1,free,model,scripted
170,delayed_betrayal,10,20,D,C,5,0,96,1,free,model,scripted
171,delayed_betrayal,11,1,C,C,3,3,3,3,free,model,scripted
171,delayed_betrayal,11,2,C,C,3,3,6,6,free,model,scripted
171,delayed_betrayal,11,3,C,C,3,3,9,9,free,model,scripted
171,delayed_betrayal,11,4,C,C,3,3,12,12,free,model,scripted
171,delayed_betrayal,11,5,C,C,3,3,15,15,free,model,scripted
171,delayed_betrayal,11,6,C,D,0,5,15,20,free,model,scripted
171,delayed_betrayal,11,7,D,C,5,0,20,20,free,model,scripted
171,delayed_betrayal,11,8,C,C,3,3,23,23,free,model,scripted
171,delayed_betrayal,11,9,C,C,3,3,26,26,free,model,scripted
171,delayed_betrayal,11,10,C,C,3,3,29,29,free,model,scripted
171,delayed_betrayal,11,11,C,C,3,3,32,32,free,model,scripted
171,delayed_betrayal,11,12,C,C,3,3,35,35,free,model,scripted
171,delayed_betrayal,11,13,C,C,3,3,38,38,free,model,scripted
171,delayed_betrayal,11,14,C,C,3,3,41,41,free,model,scripted
171,delayed_betrayal,11,15,C,C,3,3,44,44,free,model,scripted
171,delayed_betrayal,11,16,C,C,3,3,47,47,free,model,scripted
171,delayed_betrayal,11,17,C,C,3,3,50,50,free,model,scripted
171,delayed_betrayal,11,18,C,C,3,3,53,53,free,model,scripted
171,delayed_betrayal,11,19,C,C,3,3,56,56,free,model,scripted
171,delayed_betrayal,11,20,C,C,3,3,59,59,free,model,scripted
172,delayed_betrayal,12,1,D,C,5,0,5,0,free,model,scripted
172,delayed_betrayal,12,2,D,C,5,0,10,0,free,model,scripted
172,delayed_betrayal,12,3,D,C,5,0,15,0,free,model,scripted
172,delayed_betrayal,12,4,D,C,5,0,20,0,free,model,scripted
172,delayed_betrayal,12,5,D,C,5,0,25,0,free,model,scripted
172,delayed_betrayal,12,6,D,D,1,1,26,1,free,model,scripted
172,delayed_betrayal,12,7,D,C,5,0,31,1,free,model,scripted
172,delayed_betrayal,12,8,D,C,5,0,36,1,free,model,scripted
172,delayed_betrayal,12,9,D,C,5,0,41,1,free,model,scripted
172,delayed_betrayal,12,10,D,C,5,0,46,1,free,model,scripted
172,delayed_betrayal,12,11,D,C,5,0,51,1,free,model,scripted
172,delayed_betrayal,12,12,D,C,5,0,56,1,free,model,scripted
172,delayed_betrayal,12,13,D,C,5,0,61,1,free,model,scripted
172,delayed_betrayal,12,14,D,C,5,0,66,1,free,model,scripted
172,delayed_betrayal,12,15,D,C,5,0,71,1,free,model,scripted
172,delayed_betrayal,12,16,D,C,5,0,76,1,free,model,scripted
172,delayed_betrayal,12,17,D,C,5,0,81,1,free,model,scripted
172,delayed_betrayal,12,18,D,C,5,0,86,1,free,model,scripted
172,delayed_betrayal,12,19,D,C,5,0,91,1,free,model,scripted
172,delayed_betrayal,12,20,D,C,5,0,96,1,free,model,scripted
173,delayed_betrayal,13,1,D,C,5,0,5,0,free,model,scripted
173,delayed_betrayal,13,2,D,C,5,0,10,0,free,model,scripted
173,delayed_betrayal,13,3,D,C,5,0,15,0,free,model,scripted
173,delayed_betrayal,13,4,D,C,5,0,20,0,free,model,scripted
173,delayed_betrayal,13,5,D,C,5,0,25,0,free,model,scripted
173,delayed_betrayal,13,6,D,D,1,1,26,1,free,model,scripted
173,delayed_betrayal,13,7,D,C,5,0,31,1,free,model,scripted
173,delayed_betrayal,13,8,D,C,5,0,36,1,free,model,scripted
173,delayed_betrayal,13,9,D,C,5,0,41,1,free,model,scripted
173,delayed_betrayal,13,10,D,C,5,0,46,1,free,model,scripted
173,delayed_betrayal,13,11,D,C,5,0,51,1,free,model,scripted
173,delayed_betrayal,13,12,D,C,5,0,56,1,free,model,scripted
173,delayed_betrayal,13,13,D,C,5,0,61,1,free,model,scripted
173,delayed_betrayal,13,14,D,C,5,0,66,1,free,model,scripted
173,delayed_betrayal,13,15,D,C,5,0,71,1,free,model,scripted
173,delayed_betrayal,13,16,D,C,5,0,76,1,free,model,scripted
173,delayed_betrayal,13,17,D,C,5,0,81,1,free,model,scripted
173,delayed_betrayal,13,18,D,C,5,0,86,1,free,model,scripted
173,delayed_betrayal,13,19,D,C,5,0,91,1,free,model,scripted
173,delayed_betrayal,13,20,D,C,5,0,96,1,free,model,scripted
174,delayed_betrayal,14,1,C,C,3,3,3,3,free,model,scripted
174,delayed_betrayal,14,2,C,C,3,3,6,6,free,model,scripted
174,delayed_betrayal,14,3,C,C,3,3,9,9,free,model,scripted
174,delayed_betrayal,14,4,C,C,3,3,12,12,free,model,scripted
174,delayed_betrayal,14,5,C,C,3,3,15,15,free,model,scripted
174,delayed_betrayal,14,6,C,D,0,5,15,20,free,model,scripted
174,delayed_betrayal,14,7,D,C,5,0,20,20,free,model,scripted
174,delayed_betrayal,14,8,D,C,5,0,25,20,free,model,scripted
174,delayed_betrayal,14,9,D,C,5,0,30,20,free,model,scripted
174,delayed_betrayal,14,10,D,C,5,0,35,20,free,model,scripted
174,delayed_betrayal,14,11,D,C,5,0,40,20,free,model,scripted
174,delayed_betrayal,14,12,D,C,5,0,45,20,free,model,scripted
174,delayed_betrayal,14,13,D,C,5,0,50,20,free,model,scripted
174,delayed_betrayal,14,14,D,C,5,0,55,20,free,model,scripted
174,delayed_betrayal,14,15,D,C,5,0,60,20,free,model,scripted
174,delayed_betrayal,14,16,D,C,5,0,65,20,free,model,scripted
174,delayed_betrayal,14,17,D,C,5,0,70,20,free,model,scripted
174,delayed_betrayal,14,18,D,C,5,0,75,20,free,model,scripted
174,delayed_betrayal,14,19,D,C,5,0,80,20,free,model,scripted
174,delayed_betrayal,14,20,D,C,5,0,85,20,free,model,scripted
175,delayed_betrayal,15,1,C,C,3,3,3,3,free,model,scripted
175,delayed_betrayal,15,2,C,C,3,3,6,6,free,model,scripted
175,delayed_betrayal,15,3,C,C,3,3,9,9,free,model,scripted
175,delayed_betrayal,15,4,C,C,3,3,12,12,free,model,scripted
175,delayed_betrayal,15,5,C,C,3,3,15,15,free,model,scripted
175,delayed_betrayal,15,6,C,D,0,5,15,20,free,model,scripted
175,delayed_betrayal,15,7,D,C,5,0,20,20,free,model,scripted
175,delayed_betrayal,15,8,D,C,5,0,25,20,free,model,scripted
175,delayed_betrayal,15,9,D,C,5,0,30,20,free,model,scripted
175,delayed_betrayal,15,10,D,C,5,0,35,20,free,model,scripted
175,delayed_betrayal,15,11,D,C,5,0,40,20,free,model,scripted
175,delayed_betrayal,15,12,D,C,5,0,45,20,free,model,scripted
175,delayed_betrayal,15,13,D,C,5,0,50,20,free,model,scripted
175,delayed_betrayal,15,14,D,C,5,0,55,20,free,model,scripted
175,delayed_betrayal,15,15,D,C,5,0,60,20,free,model,scripted
175,delayed_betrayal,15,16,D,C,5,0,65,20,free,model,scripted
175,delayed_betrayal,15,17,D,C,5,0,70,20,free,model,scripted
175,delayed_betrayal,15,18,D,C,5,0,75,20,free,model,scripted
175,delayed_betrayal,15,19,D,C,5,0,80,20,free,model,scripted
175,delayed_betrayal,15,20,D,C,5,0,85,20,free,model,scripted
176,delayed_betrayal,16,1,D,C,5,0,5,0,free,model,scripted
176,delayed_betrayal,16,2,D,C,5,0,10,0,free,model,scripted
176,delayed_betrayal,16,3,D,C,5,0,15,0,free,model,scripted
176,delayed_betrayal,16,4,D,C,5,0,20,0,free,model,scripted
176,delayed_betrayal,16,5,D,C,5,0,25,0,free,model,scripted
176,delayed_betrayal,16,6,D,D,1,1,26,1,free,model,scripted
176,delayed_betrayal,16,7,D,C,5,0,31,1,free,model,scripted
176,delayed_betrayal,16,8,D,C,5,0,36,1,free,model,scripted
176,delayed_betrayal,16,9,D,C,5,0,41,1,free,model,scripted
176,delayed_betrayal,16,10,D,C,5,0,46,1,free,model,scripted
176,delayed_betrayal,16,11,D,C,5,0,51,1,free,model,scripted
176,delayed_betrayal,16,12,D,C,5,0,56,1,free,model,scripted
176,delayed_betrayal,16,13,D,C,5,0,61,1,free,model,scripted
176,delayed_betrayal,16,14,D,C,5,0,66,1,free,model,scripted
176,delayed_betrayal,16,15,D,C,5,0,71,1,free,model,scripted
176,delayed_betrayal,16,16,D,C,5,0,76,1,free,model,scripted
176,delayed_betrayal,16,17,D,C,5,0,81,1,free,model,scripted
176,delayed_betrayal,16,18,D,C,5,0,86,1,free,model,scripted
176,delayed_betrayal,16,19,D,C,5,0,91,1,free,model,scripted
176,delayed_betrayal,16,20,D,C,5,0,96,1,free,model,scripted
177,delayed_betrayal,17,1,D,C,5,0,5,0,free,model,scripted
177,delayed_betrayal,17,2,D,C,5,0,10,0,free,model,scripted
177,delayed_betrayal,17,3,D,C,5,0,15,0,free,model,scripted
177,delayed_betrayal,17,4,D,C,5,0,20,0,free,model,scripted
177,delayed_betrayal,17,5,D,C,5,0,25,0,free,model,scripted
177,delayed_betrayal,17,6,D,D,1,1,26,1,free,model,scripted
177,delayed_betrayal,17,7,D,C,5,0,31,1,free,model,scripted
177,delayed_betrayal,17,8,D,C,5,0,36,1,free,model,scripted
177,delayed_betrayal,17,9,D,C,5,0,41,1,free,model,scripted
177,delayed_betrayal,17,10,D,C,5,0,46,1,free,model,scripted
177,delayed_betrayal,17,11,D,C,5,0,51,1,free,model,scripted
177,delayed_betrayal,17,12,D,C,5,0,56,1,free,model,scripted
177,delayed_betrayal,17,13,D,C,5,0,61,1,free,model,scripted
177,delayed_betrayal,17,14,D,C,5,0,66,1,free,model,scripted
177,delayed_betrayal,17,15,D,C,5,0,71,1,free,model,scripted
177,delayed_betrayal,17,16,D,C,5,0,76,1,free,model,scripted
177,delayed_betrayal,17,17,D,C,5,0,81,1,free,model,scripted
177,delayed_betrayal,17,18,D,C,5,0,86,1,free,model,scripted
177,delayed_betrayal,17,19,D,C,5,0,91,1,free,model,scripted
177,delayed_betrayal,17,20,D,C,5,0,96,1,free,model,scripted
178,delayed_betrayal,18,1,D,C,5,0,5,0,free,model,scripted
178,delayed_betrayal,18,2,D,C,5,0,10,0,free,model,scripted
178,delayed_betrayal,18,3,D,C,5,0,15,0,free,model,scripted
178,delayed_betrayal,18,4,D,C,5,0,20,0,free,model,scripted
178,delayed_betrayal,18,5,D,C,5,0,25,0,free,model,scripted
178,delayed_betrayal,18,6,D,D,1,1,26,1,free,model,scripted
178,delayed_betrayal,18,7,D,C,5,0,31,1,free,model,scripted
178,delayed_betrayal,18,8,D,C,5,0,36,1,free,model,scripted
178,delayed_betrayal,18,9,D,C,5,0,41,1,free,model,scripted
178,delayed_betrayal,18,10,D,C,5,0,46,1,free,model,scripted
178,delayed_betrayal,18,11,D,C,5,0,51,1,free,model,scripted
178,delayed_betrayal,18,12,D,C,5,0,56,1,free,model,scripted
178,delayed_betrayal,18,13,D,C,5,0,61,1,free,model,scripted
178,delayed_betrayal,18,14,D,C,5,0,66,1,free,model,scripted
178,delayed_betrayal,18,15,D,C,5,0,71,1,free,model,scripted
178,delayed_betrayal,18,16,D,C,5,0,76,1,free,model,scripted
178,delayed_betrayal,18,17,D,C,5,0,81,1,free,model,scripted
178,delayed_betrayal,18,18,D,C,5,0,86,1,free,model,scripted
178,delayed_betrayal,18,19,D,C,5,0,91,1,free,model,scripted
178,delayed_betrayal,18,20,D,C,5,0,96,1,free,model,scripted
179,delayed_betrayal,19,1,D,C,5,0,5,0,free,model,scripted
179,delayed_betrayal,19,2,D,C,5,0,10,0,free,model,scripted
179,delayed_betrayal,19,3,D,C,5,0,15,0,free,model,scripted
179,delayed_betrayal,19,4,D,C,5,0,20,0,free,model,scripted
179,delayed_betrayal,19,5,D,C,5,0,25,0,free,model,scripted
179,delayed_betrayal,19,6,D,D,1,1,26,1,free,model,scripted
179,delayed_betrayal,19,7,D,C,5,0,31,1,free,model,scripted
179,delayed_betrayal,19,8,D,C,5,0,36,1,free,model,scripted
179,delayed_betrayal,19,9,D,C,5,0,41,1,free,model,scripted
179,delayed_betrayal,19,10,D,C,5,0,46,1,free,model,scripted
179,delayed_betrayal,19,11,D,C,5,0,51,1,free,model,scripted
179,delayed_betrayal,19,12,D,C,5,0,56,1,free,model,scripted
179,delayed_betrayal,19,13,D,C,5,0,61,1,free,model,scripted
179,delayed_betrayal,19,14,D,C,5,0,66,1,free,model,scripted
179,delayed_betrayal,19,15,D,C,5,0,71,1,free,model,scripted
179,delayed_betrayal,19,16,D,C,5,0,76,1,free,model,scripted
179,delayed_betrayal,19,17,D,C,5,0,81,1,free,model,scripted
179,delayed_betrayal,19,18,D,C,5,0,86,1,free,model,scripted
179,delayed_betrayal,19,19,D,C,5,0,91,1,free,model,scripted
179,delayed_betrayal,19,20,D,C,5,0,96,1,free,model,scripted
180,delayed_betrayal,20,1,C,C,3,3,3,3,free,model,scripted
180,delayed_betrayal,20,2,C,C,3,3,6,6,free,model,scripted
180,delayed_betrayal,20,3,C,C,3,3,9,9,free,model,scripted
180,delayed_betrayal,20,4,C,C,3,3,12,12,free,model,scripted
180,delayed_betrayal,20,5,C,C,3,3,15,15,free,model,scripted
180,delayed_betrayal,20,6,C,D,0,5,15,20,free,model,scripted
180,delayed_betrayal,20,7,D,C,5,0,20,20,free,model,scripted
180,delayed_betrayal,20,8,D,C,5,0,25,20,free,model,scripted
180,delayed_betrayal,20,9,D,C,5,0,30,20,free,model,scripted
180,delayed_betrayal,20,10,D,C,5,0,35,20,free,model,scripted
180,delayed_betrayal,20,11,D,C,5,0,40,20,free,model,scripted
180,delayed_betrayal,20,12,D,C,5,0,45,20,free,model,scripted
180,delayed_betrayal,20,13,D,C,5,0,50,20,free,model,scripted
180,delayed_betrayal,20,14,D,C,5,0,55,20,free,model,scripted
180,delayed_betrayal,20,15,D,C,5,0,60,20,free,model,scripted
180,delayed_betrayal,20,16,D,C,5,0,65,20,free,model,scripted
180,delayed_betrayal,20,17,D,C,5,0,70,20,free,model,scripted
180,delayed_betrayal,20,18,D,C,5,0,75,20,free,model,scripted
180,delayed_betrayal,20,19,D,C,5,0,80,20,free,model,scripted
180,delayed_betrayal,20,20,D,C,5,0,85,20,free,model,scripted
181,bully,1,1,C,D,0,5,0,5,free,model,scripted
181,bully,1,2,D,D,1,1,1,6,free,model,scripted
181,bully,1,3,D,C,5,0,6,6,free,model,scripted
181,bully,1,4,D,C,5,0,11,6,free,model,scripted
181,bully,1,5,D,C,5,0,16,6,free,model,scripted
181,bully,1,6,D,C,5,0,21,6,free,model,scripted
181,bully,1,7,D,C,5,0,26,6,free,model,scripted
181,bully,1,8,D,C,5,0,31,6,free,model,scripted
181,bully,1,9,D,C,5,0,36,6,free,model,scripted
181,bully,1,10,D,C,5,0,41,6,free,model,scripted
181,bully,1,11,D,C,5,0,46,6,free,model,scripted
181,bully,1,12,D,C,5,0,51,6,free,model,scripted
181,bully,1,13,D,C,5,0,56,6,free,model,scripted
181,bully,1,14,D,C,5,0,61,6,free,model,scripted
181,bully,1,15,D,C,5,0,66,6,free,model,scripted
181,bully,1,16,D,C,5,0,71,6,free,model,scripted
181,bully,1,17,D,C,5,0,76,6,free,model,scripted
181,bully,1,18,D,C,5,0,81,6,free,model,scripted
181,bully,1,19,D,C,5,0,86,6,free,model,scripted
181,bully,1,20,D,C,5,0,91,6,free,model,scripted
182,bully,2,1,D,D,1,1,1,1,free,model,scripted
182,bully,2,2,D,C,5,0,6,1,free,model,scripted
182,bully,2,3,D,C,5,0,11,1,free,model,scripted
182,bully,2,4,D,C,5,0,16,1,free,model,scripted
182,bully,2,5,D,C,5,0,21,1,free,model,scripted
182,bully,2,6,D,C,5,0,26,1,free,model,scripted
182,bully,2,7,D,C,5,0,31,1,free,model,scripted
182,bully,2,8,D,C,5,0,36,1,free,model,scripted
182,bully,2,9,D,C,5,0,41,1,free,model,scripted
182,bully,2,10,D,C,5,0,46,1,free,model,scripted
182,bully,2,11,D,C,5,0,51,1,free,model,scripted
182,bully,2,12,D,C,5,0,56,1,free,model,scripted
182,bully,2,13,D,C,5,0,61,1,free,model,scripted
182,bully,2,14,D,C,5,0,66,1,free,model,scripted
182,bully,2,15,D,C,5,0,71,1,free,model,scripted
182,bully,2,16,D,C,5,0,76,1,free,model,scripted
182,bully,2,17,D,C,5,0,81,1,free,model,scripted
182,bully,2,18,D,C,5,0,86,1,free,model,scripted
182,bully,2,19,D,C,5,0,91,1,free,model,scripted
182,bully,2,20,D,C,5,0,96,1,free,model,scripted
183,bully,3,1,D,D,1,1,1,1,free,model,scripted
183,bully,3,2,D,C,5,0,6,1,free,model,scripted
183,bully,3,3,D,C,5,0,11,1,free,model,scripted
183,bully,3,4,D,C,5,0,16,1,free,model,scripted
183,bully,3,5,D,C,5,0,21,1,free,model,scripted
183,bully,3,6,D,C,5,0,26,1,free,model,scripted
183,bully,3,7,D,C,5,0,31,1,free,model,scripted
183,bully,3,8,D,C,5,0,36,1,free,model,scripted
183,bully,3,9,D,C,5,0,41,1,free,model,scripted
183,bully,3,10,D,C,5,0,46,1,free,model,scripted
183,bully,3,11,D,C,5,0,51,1,free,model,scripted
183,bully,3,12,D,C,5,0,56,1,free,model,scripted
183,bully,3,13,D,C,5,0,61,1,free,model,scripted
183,bully,3,14,D,C,5,0,66,1,free,model,scripted
183,bully,3,15,D,C,5,0,71,1,free,model,scripted
183,bully,3,16,D,C,5,0,76,1,free,model,scripted
183,bully,3,17,D,C,5,0,81,1,free,model,scripted
183,bully,3,18,D,C,5,0,86,1,free,model,scripted
183,bully,3,19,D,C,5,0,91,1,free,model,scripted
183,bully,3,20,D,C,5,0,96,1,free,model,scripted
184,bully,4,1,D,D,1,1,1,1,free,model,scripted
184,bully,4,2,D,C,5,0,6,1,free,model,scripted
184,bully,4,3,D,C,5,0,11,1,free,model,scripted
184,bully,4,4,D,C,5,0,16,1,free,model,scripted
184,bully,4,5,D,C,5,0,21,1,free,model,scripted
184,bully,4,6,D,C,5,0,26,1,free,model,scripted
184,bully,4,7,D,C,5,0,31,1,free,model,scripted
184,bully,4,8,D,C,5,0,36,1,free,model,scripted
184,bully,4,9,D,C,5,0,41,1,free,model,scripted
184,bully,4,10,D,C,5,0,46,1,free,model,scripted
184,bully,4,11,D,C,5,0,51,1,free,model,scripted
184,bully,4,12,D,C,5,0,56,1,free,model,scripted
184,bully,4,13,D,C,5,0,61,1,free,model,scripted
184,bully,4,14,D,C,5,0,66,1,free,model,scripted
184,bully,4,15,D,C,5,0,71,1,free,model,scripted
184,bully,4,16,D,C,5,0,76,1,free,model,scripted
184,bully,4,17,D,C,5,0,81,1,free,model,scripted
184,bully,4,18,D,C,5,0,86,1,free,model,scripted
184,bully,4,19,D,C,5,0,91,1,free,model,scripted
184,bully,4,20,D,C,5,0,96,1,free,model,scripted
185,bully,5,1,D,D,1,1,1,1,free,model,scripted
185,bully,5,2,D,C,5,0,6,1,free,model,scripted
185,bully,5,3,D,C,5,0,11,1,free,model,scripted
185,bully,5,4,D,C,5,0,16,1,free,model,scripted
185,bully,5,5,D,C,5,0,21,1,free,model,scripted
185,bully,5,6,D,C,5,0,26,1,free,model,scripted
185,bully,5,7,D,C,5,0,31,1,free,model,scripted
185,bully,5,8,D,C,5,0,36,1,free,model,scripted
185,bully,5,9,D,C,5,0,41,1,free,model,scripted
185,bully,5,10,D,C,5,0,46,1,free,model,scripted
185,bully,5,11,D,C,5,0,51,1,free,model,scripted
185,bully,5,12,D,C,5,0,56,1,free,model,scripted
185,bully,5,13,D,C,5,0,61,1,free,model,scripted
185,bully,5,14,D,C,5,0,66,1,free,model,scripted
185,bully,5,15,D,C,5,0,71,1,free,model,scripted
185,bully,5,16,D,C,5,0,76,1,free,model,scripted
185,bully,5,17,D,C,5,0,81,1,free,model,scripted
185,bully,5,18,D,C,5,0,86,1,free,model,scripted
185,bully,5,19,D,C,5,0,91,1,free,model,scripted
185,bully,5,20,D,C,5,0,96,1,free,model,scripted
186,bully,6,1,D,D,1,1,1,1,free,model,scripted
186,bully,6,2,D,C,5,0,6,1,free,model,scripted
186,bully,6,3,D,C,5,0,11,1,free,model,scripted
186,bully,6,4,D,C,5,0,16,1,free,model,scripted
186,bully,6,5,D,C,5,0,21,1,free,model,scripted
186,bully,6,6,D,C,5,0,26,1,free,model,scripted
186,bully,6,7,D,C,5,0,31,1,free,model,scripted
186,bully,6,8,D,C,5,0,36,1,free,model,scripted
186,bully,6,9,D,C,5,0,41,1,free,model,scripted
186,bully,6,10,D,C,5,0,46,1,free,model,scripted
186,bully,6,11,D,C,5,0,51,1,free,model,scripted
186,bully,6,12,D,C,5,0,56,1,free,model,scripted
186,bully,6,13,D,C,5,0,61,1,free,model,scripted
186,bully,6,14,D,C,5,0,66,1,free,model,scripted
186,bully,6,15,D,C,5,0,71,1,free,model,scripted
186,bully,6,16,D,C,5,0,76,1,free,model,scripted
186,bully,6,17,D,C,5,0,81,1,free,model,scripted
186,bully,6,18,D,C,5,0,86,1,free,model,scripted
186,bully,6,19,D,C,5,0,91,1,free,model,scripted
186,bully,6,20,D,C,5,0,96,1,free,model,scripted
187,bully,7,1,C,D,0,5,0,5,free,model,scripted
187,bully,7,2,D,D,1,1,1,6,free,model,scripted
187,bully,7,3,D,C,5,0,6,6,free,model,scripted
187,bully,7,4,D,C,5,0,11,6,free,model,scripted
187,bully,7,5,D,C,5,0,16,6,free,model,scripted
187,bully,7,6,D,C,5,0,21,6,free,model,scripted
187,bully,7,7,D,C,5,0,26,6,free,model,scripted
187,bully,7,8,D,C,5,0,31,6,free,model,scripted
187,bully,7,9,D,C,5,0,36,6,free,model,scripted
187,bully,7,10,D,C,5,0,41,6,free,model,scripted
187,bully,7,11,D,C,5,0,46,6,free,model,scripted
187,bully,7,12,D,C,5,0,51,6,free,model,scripted
187,bully,7,13,D,C,5,0,56,6,free,model,scripted
187,bully,7,14,D,C,5,0,61,6,free,model,scripted
187,bully,7,15,D,C,5,0,66,6,free,model,scripted
187,bully,7,16,D,C,5,0,71,6,free,model,scripted
187,bully,7,17,D,C,5,0,76,6,free,model,scripted
187,bully,7,18,D,C,5,0,81,6,free,model,scripted
187,bully,7,19,D,C,5,0,86,6,free,model,scripted
187,bully,7,20,D,C,5,0,91,6,free,model,scripted
188,bully,8,1,C,D,0,5,0,5,free,model,scripted
188,bully,8,2,D,D,1,1,1,6,free,model,scripted
188,bully,8,3,D,C,5,0,6,6,free,model,scripted
188,bully,8,4,D,C,5,0,11,6,free,model,scripted
188,bully,8,5,D,C,5,0,16,6,free,model,scripted
188,bully,8,6,D,C,5,0,21,6,free,model,scripted
188,bully,8,7,D,C,5,0,26,6,free,model,scripted
188,bully,8,8,D,C,5,0,31,6,free,model,scripted
188,bully,8,9,D,C,5,0,36,6,free,model,scripted
188,bully,8,10,D,C,5,0,41,6,free,model,scripted
188,bully,8,11,D,C,5,0,46,6,free,model,scripted
188,bully,8,12,D,C,5,0,51,6,free,model,scripted
188,bully,8,13,D,C,5,0,56,6,free,model,scripted
188,bully,8,14,D,C,5,0,61,6,free,model,scripted
188,bully,8,15,D,C,5,0,66,6,free,model,scripted
188,bully,8,16,D,C,5,0,71,6,free,model,scripted
188,bully,8,17,D,C,5,0,76,6,free,model,scripted
188,bully,8,18,D,C,5,0,81,6,free,model,scripted
188,bully,8,19,D,C,5,0,86,6,free,model,scripted
188,bully,8,20,D,C,5,0,91,6,free,model,scripted
189,bully,9,1,D,D,1,1,1,1,free,model,scripted
189,bully,9,2,D,C,5,0,6,1,free,model,scripted
189,bully,9,3,D,C,5,0,11,1,free,model,scripted
189,bully,9,4,D,C,5,0,16,1,free,model,scripted
189,bully,9,5,D,C,5,0,21,1,free,model,scripted
189,bully,9,6,D,C,5,0,26,1,free,model,scripted
189,bully,9,7,D,C,5,0,31,1,free,model,scripted
189,bully,9,8,D,C,5,0,36,1,free,model,scripted
189,bully,9,9,D,C,5,0,41,1,free,model,scripted
189,bully,9,10,D,C,5,0,46,1,free,model,scripted
189,bully,9,11,D,C,5,0,51,1,free,model,scripted
189,bully,9,12,D,C,5,0,56,1,free,model,scripted
189,bully,9,13,D,C,5,0,61,1,free,model,scripted
189,bully,9,14,D,C,5,0,66,1,free,model,scripted
189,bully,9,15,D,C,5,0,71,1,free,model,scripted
189,bully,9,16,D,C,5,0,76,1,free,model,scripted
189,bully,9,17,D,C,5,0,81,1,free,model,scripted
189,bully,9,18,D,C,5,0,86,1,free,model,scripted
189,bully,9,19,D,C,5,0,91,1,free,model,scripted
189,bully,9,20,D,C,5,0,96,1,free,model,scripted
190,bully,10,1,D,D,1,1,1,1,free,model,scripted
190,bully,10,2,D,C,5,0,6,1,free,model,scripted
190,bully,10,3,D,C,5,0,11,1,free,model,scripted
190,bully,10,4,D,C,5,0,16,1,free,model,scripted
190,bully,10,5,D,C,5,0,21,1,free,model,scripted
190,bully,10,6,D,C,5,0,26,1,free,model,scripted
190,bully,10,7,D,C,5,0,31,1,free,model,scripted
190,bully,10,8,D,C,5,0,36,1,free,model,scripted
190,bully,10,9,D,C,5,0,41,1,free,model,scripted
190,bully,10,10,D,C,5,0,46,1,free,model,scripted
190,bully,10,11,D,C,5,0,51,1,free,model,scripted
190,bully,10,12,D,C,5,0,56,1,free,model,scripted
190,bully,10,13,D,C,5,0,61,1,free,model,scripted
190,bully,10,14,D,C,5,0,66,1,free,model,scripted
190,bully,10,15,D,C,5,0,71,1,free,model,scripted
190,bully,10,16,D,C,5,0,76,1,free,model,scripted
190,bully,10,17,D,C,5,0,81,1,free,model,scripted
190,bully,10,18,D,C,5,0,86,1,free,model,scripted
190,bully,10,19,D,C,5,0,91,1,free,model,scripted
190,bully,10,20,D,C,5,0,96,1,free,model,scripted
191,bully,11,1,C,D,0,5,0,5,free,model,scripted
191,bully,11,2,D,D,1,1,1,6,free,model,scripted
191,bully,11,3,D,C,5,0,6,6,free,model,scripted
191,bully,11,4,D,C,5,0,11,6,free,model,scripted
191,bully,11,5,D,C,5,0,16,6,free,model,scripted
191,bully,11,6,D,C,5,0,21,6,free,model,scripted
191,bully,11,7,D,C,5,0,26,6,free,model,scripted
191,bully,11,8,D,C,5,0,31,6,free,model,scripted
191,bully,11,9,D,C,5,0,36,6,free,model,scripted
191,bully,11,10,D,C,5,0,41,6,free,model,scripted
191,bully,11,11,D,C,5,0,46,6,free,model,scripted
191,bully,11,12,D,C,5,0,51,6,free,model,scripted
191,bully,11,13,D,C,5,0,56,6,free,model,scripted
191,bully,11,14,D,C,5,0,61,6,free,model,scripted
191,bully,11,15,D,C,5,0,66,6,free,model,scripted
191,bully,11,16,D,C,5,0,71,6,free,model,scripted
191,bully,11,17,D,C,5,0,76,6,free,model,scripted
191,bully,11,18,D,C,5,0,81,6,free,model,scripted
191,bully,11,19,D,C,5,0,86,6,free,model,scripted
191,bully,11,20,D,C,5,0,91,6,free,model,scripted
192,bully,12,1,D,D,1,1,1,1,free,model,scripted
192,bully,12,2,D,C,5,0,6,1,free,model,scripted
192,bully,12,3,D,C,5,0,11,1,free,model,scripted
192,bully,12,4,D,C,5,0,16,1,free,model,scripted
192,bully,12,5,D,C,5,0,21,1,free,model,scripted
192,bully,12,6,D,C,5,0,26,1,free,model,scripted
192,bully,12,7,D,C,5,0,31,1,free,model,scripted
192,bully,12,8,D,C,5,0,36,1,free,model,scripted
192,bully,12,9,D,C,5,0,41,1,free,model,scripted
192,bully,12,10,D,C,5,0,46,1,free,model,scripted
192,bully,12,11,D,C,5,0,51,1,free,model,scripted
192,bully,12,12,D,C,5,0,56,1,free,model,scripted
192,bully,12,13,D,C,5,0,61,1,free,model,scripted
192,bully,12,14,D,C,5,0,66,1,free,model,scripted
192,bully,12,15,D,C,5,0,71,1,free,model,scripted
192,bully,12,16,D,C,5,0,76,1,free,model,scripted
192,bully,12,17,D,C,5,0,81,1,free,model,scripted
192,bully,12,18,D,C,5,0,86,1,free,model,scripted
192,bully,12,19,D,C,5,0,91,1,free,model,scripted
192,bully,12,20,D,C,5,0,96,1,free,model,scripted
193,bully,13,1,D,D,1,1,1,1,free,model,scripted
193,bully,13,2,D,C,5,0,6,1,free,model,scripted
193,bully,13,3,D,C,5,0,11,1,free,model,scripted
193,bully,13,4,D,C,5,0,16,1,free,model,scripted
193,bully,13,5,D,C,5,0,21,1,free,model,scripted
193,bully,13,6,D,C,5,0,26,1,free,model,scripted
193,bully,13,7,D,C,5,0,31,1,free,model,scripted
193,bully,13,8,D,C,5,0,36,1,free,model,scripted
193,bully,13,9,D,C,5,0,41,1,free,model,scripted
193,bully,13,10,D,C,5,0,46,1,free,model,scripted
193,bully,13,11,D,C,5,0,51,1,free,model,scripted
193,bully,13,12,D,C,5,0,56,1,free,model,scripted
193,bully,13,13,D,C,5,0,61,1,free,model,scripted
193,bully,13,14,D,C,5,0,66,1,free,model,scripted
193,bully,13,15,D,C,5,0,71,1,free,model,scripted
193,bully,13,16,D,C,5,0,76,1,free,model,scripted
193,bully,13,17,D,C,5,0,81,1,free,model,scripted
193,bully,13,18,D,C,5,0,86,1,free,model,scripted
193,bully,13,19,D,C,5,0,91,1,free,model,scripted
193,bully,13,20,D,C,5,0,96,1,free,model,scripted
194,bully,14,1,D,D,1,1,1,1,free,model,scripted
194,bully,14,2,D,C,5,0,6,1,free,model,scripted
194,bully,14,3,D,C,5,0,11,1,free,model,scripted
194,bully,14,4,D,C,5,0,16,1,free,model,scripted
194,bully,14,5,D,C,5,0,21,1,free,model,scripted
194,bully,14,6,D,C,5,0,26,1,free,model,scripted
194,bully,14,7,D,C,5,0,31,1,free,model,scripted
194,bully,14,8,D,C,5,0,36,1,free,model,scripted
194,bully,14,9,D,C,5,0,41,1,free,model,scripted
194,bully,14,10,D,C,5,0,46,1,free,model,scripted
194,bully,14,11,D,C,5,0,51,1,free,model,scripted
194,bully,14,12,D,C,5,0,56,1,free,model,scripted
194,bully,14,13,D,C,5,0,61,1,free,model,scripted
194,bully,14,14,D,C,5,0,66,1,free,model,scripted
194,bully,14,15,D,C,5,0,71,1,free,model,scripted
194,bully,14,16,D,C,5,0,76,1,free,model,scripted
194,bully,14,17,D,C,5,0,81,1,free,model,scripted
194,bully,14,18,D,C,5,0,86,1,free,model,scripted
194,bully,14,19,D,C,5,0,91,1,free,model,scripted
194,bully,14,20,D,C,5,0,96,1,free,model,scripted
195,bully,15,1,C,D,0,5,0,5,free,model,scripted
195,bully,15,2,D,D,1,1,1,6,free,model,scripted
195,bully,15,3,D,C,5,0,6,6,free,model,scripted
195,bully,15,4,D,C,5,0,11,6,free,model,scripted
195,bully,15,5,D,C,5,0,16,6,free,model,scripted
195,bully,15,6,D,C,5,0,21,6,free,model,scripted
195,bully,15,7,D,C,5,0,26,6,free,model,scripted
195,bully,15,8,D,C,5,0,31,6,free,model,scripted
195,bully,15,9,D,C,5,0,36,6,free,model,scripted
195,bully,15,10,D,C,5,0,41,6,free,model,scripted
195,bully,15,11,D,C,5,0,46,6,free,model,scripted
195,bully,15,12,D,C,5,0,51,6,free,model,scripted
195,bully,15,13,D,C,5,0,56,6,free,model,scripted
195,bully,15,14,D,C,5,0,61,6,free,model,scripted
195,bully,15,15,D,C,5,0,66,6,free,model,scripted
195,bully,15,16,D,C,5,0,71,6,free,model,scripted
195,bully,15,17,D,C,5,0,76,6,free,model,scripted
195,bully,15,18,D,C,5,0,81,6,free,model,scripted
195,bully,15,19,D,C,5,0,86,6,free,model,scripted
195,bully,15,20,D,C,5,0,91,6,free,model,scripted
196,bully,16,1,D,D,1,1,1,1,free,model,scripted
196,bully,16,2,D,C,5,0,6,1,free,model,scripted
196,bully,16,3,D,C,5,0,11,1,free,model,scripted
196,bully,16,4,D,C,5,0,16,1,free,model,scripted
196,bully,16,5,D,C,5,0,21,1,free,model,scripted
196,bully,16,6,D,C,5,0,26,1,free,model,scripted
196,bully,16,7,D,C,5,0,31,1,free,model,scripted
196,bully,16,8,D,C,5,0,36,1,free,model,scripted
196,bully,16,9,D,C,5,0,41,1,free,model,scripted
196,bully,16,10,D,C,5,0,46,1,free,model,scripted
196,bully,16,11,D,C,5,0,51,1,free,model,scripted
196,bully,16,12,D,C,5,0,56,1,free,model,scripted
196,bully,16,13,D,C,5,0,61,1,free,model,scripted
196,bully,16,14,D,C,5,0,66,1,free,model,scripted
196,bully,16,15,D,C,5,0,71,1,free,model,scripted
196,bully,16,16,D,C,5,0,76,1,free,model,scripted
196,bully,16,17,D,C,5,0,81,1,free,model,scripted
196,bully,16,18,D,C,5,0,86,1,free,model,scripted
196,bully,16,19,D,C,5,0,91,1,free,model,scripted
196,bully,16,20,D,C,5,0,96,1,free,model,scripted
197,bully,17,1,D,D,1,1,1,1,free,model,scripted
197,bully,17,2,D,C,5,0,6,1,free,model,scripted
197,bully,17,3,D,C,5,0,11,1,free,model,scripted
197,bully,17,4,D,C,5,0,16,1,free,model,scripted
197,bully,17,5,D,C,5,0,21,1,free,model,scripted
197,bully,17,6,D,C,5,0,26,1,free,model,scripted
197,bully,17,7,D,C,5,0,31,1,free,model,scripted
197,bully,17,8,D,C,5,0,36,1,free,model,scripted
197,bully,17,9,D,C,5,0,41,1,free,model,scripted
197,bully,17,10,D,C,5,0,46,1,free,model,scripted
197,bully,17,11,D,C,5,0,51,1,free,model,scripted
197,bully,17,12,D,C,5,0,56,1,free,model,scripted
197,bully,17,13,D,C,5,0,61,1,free,model,scripted
197,bully,17,14,D,C,5,0,66,1,free,model,scripted
197,bully,17,15,D,C,5,0,71,1,free,model,scripted
197,bully,17,16,D,C,5,0,76,1,free,model,scripted
197,bully,17,17,D,C,5,0,81,1,free,model,scripted
197,bully,17,18,D,C,5,0,86,1,free,model,scripted
197,bully,17,19,D,C,5,0,91,1,free,model,scripted
197,bully,17,20,D,C,5,0,96,1,free,model,scripted
198,bully,18,1,C,D,0,5,0,5,free,model,scripted
198,bully,18,2,D,D,1,1,1,6,free,model,scripted
198,bully,18,3,D,C,5,0,6,6,free,model,scripted
198,bully,18,4,D,C,5,0,11,6,free,model,scripted
198,bully,18,5,D,C,5,0,16,6,free,model,scripted
198,bully,18,6,D,C,5,0,21,6,free,model,scripted
198,bully,18,7,D,C,5,0,26,6,free,model,scripted
198,bully,18,8,D,C,5,0,31,6,free,model,scripted
198,bully,18,9,D,C,5,0,36,6,free,model,scripted
198,bully,18,10,D,C,5,0,41,6,free,model,scripted
198,bully,18,11,D,C,5,0,46,6,free,model,scripted
198,bully,18,12,D,C,5,0,51,6,free,model,scripted
198,bully,18,13,D,C,5,0,56,6,free,model,scripted
198,bully,18,14,D,C,5,0,61,6,free,model,scripted
198,bully,18,15,D,C,5,0,66,6,free,model,scripted
198,bully,18,16,D,C,5,0,71,6,free,model,scripted
198,bully,18,17,D,C,5,0,76,6,free,model,scripted
198,bully,18,18,D,C,5,0,81,6,free,model,scripted
198,bully,18,19,D,C,5,0,86,6,free,model,scripted
198,bully,18,20,D,C,5,0,91,6,free,model,scripted
199,bully,19,1,D,D,1,1,1,1,free,model,scripted
199,bully,19,2,D,C,5,0,6,1,free,model,scripted
199,bully,19,3,D,C,5,0,11,1,free,model,scripted
199,bully,19,4,D,C,5,0,16,1,free,model,scripted
199,bully,19,5,D,C,5,0,21,1,free,model,scripted
199,bully,19,6,D,C,5,0,26,1,free,model,scripted
199,bully,19,7,D,C,5,0,31,1,free,model,scripted
199,bully,19,8,D,C,5,0,36,1,free,model,scripted
199,bully,19,9,D,C,5,0,41,1,free,model,scripted
199,bully,19,10,D,C,5,0,46,1,free,model,scripted
199,bully,19,11,D,C,5,0,51,1,free,model,scripted
199,bully,19,12,D,C,5,0,56,1,free,model,scripted
199,bully,19,13,D,C,5,0,61,1,free,model,scripted
199,bully,19,14,D,C,5,0,66,1,free,model,scripted
199,bully,19,15,D,C,5,0,71,1,free,model,scripted
199,bully,19,16,D,C,5,0,76,1,free,model,scripted
199,bully,19,17,D,C,5,0,81,1,free,model,scripted
199,bully,19,18,D,C,5,0,86,1,free,model,scripted
199,bully,19,19,D,C,5,0,91,1,free,model,scripted
199,bully,19,20,D,C,5,0,96,1,free,model,scripted
200,bully,20,1,D,D,1,1,1,1,free,model,scripted
200,bully,20,2,D,C,5,0,6,1,free,model,scripted
200,bully,20,3,D,C,5,0,11,1,free,model,scripted
200,bully,20,4,D,C,5,0,16,1,free,model,scripted
200,bully,20,5,D,C,5,0,21,1,free,model,scripted
200,bully,20,6,D,C,5,0,26,1,free,model,scripted
200,bully,20,7,D,C,5,0,31,1,free,model,scripted
200,bully,20,8,D,C,5,0,36,1,free,model,scripted
200,bully,20,9,D,C,5,0,41,1,free,model,scripted
200,bully,20,10,D,C,5,0,46,1,free,model,scripted
200,bully,20,11,D,C,5,0,51,1,free,model,scripted
200,bully,20,12,D,C,5,0,56,1,free,model,scripted
200,bully,20,13,D,C,5,0,61,1,free,model,scripted
200,bully,20,14,D,C,5,0,66,1,free,model,scripted
200,bully,20,15,D,C,5,0,71,1,free,model,scripted
200,bully,20,16,D,C,5,0,76,1,free,model,scripted
200,bully,20,17,D,C,5,0,81,1,free,model,scripted
200,bully,20,18,D,C,5,0,86,1,free,model,scripted
200,bully,20,19,D,C,5,0,91,1,free,model,scripted
200,bully,20,20,D,C,5,0,96,1,free,model,scripted
201,anti_tit_for_tat,1,1,D,C,5,0,5,0,free,model,scripted
201,anti_tit_for_tat,1,2,D,C,5,0,10,0,free,model,scripted
201,anti_tit_for_tat,1,3,D,C,5,0,15,0,free,model,scripted
201,anti_tit_for_tat,1,4,D,C,5,0,20,0,free,model,scripted
201,anti_tit_for_tat,1,5,D,C,5,0,25,0,free,model,scripted
201,anti_tit_for_tat,1,6,D,C,5,0,30,0,free,model,scripted
201,anti_tit_for_tat,1,7,D,C,5,0,35,0,free,model,scripted
201,anti_tit_for_tat,1,8,D,C,5,0,40,0,free,model,scripted
201,anti_tit_for_tat,1,9,D,C,5,0,45,0,free,model,scripted
201,anti_tit_for_tat,1,10,D,C,5,0,50,0,free,model,scripted
201,anti_tit_for_tat,1,11,D,C,5,0,55,0,free,model,scripted
201,anti_tit_for_tat,1,12,D,C,5,0,60,0,free,model,scripted
201,anti_tit_for_tat,1,13,D,C,5,0,65,0,free,model,scripted
201,anti_tit_for_tat,1,14,D,C,5,0,70,0,free,model,scripted
201,anti_tit_for_tat,1,15,D,C,5,0,75,0,free,model,scripted
201,anti_tit_for_tat,1,16,D,C,5,0,80,0,free,model,scripted
201,anti_tit_for_tat,1,17,D,C,5,0,85,0,free,model,scripted
201,anti_tit_for_tat,1,18,D,C,5,0,90,0,free,model,scripted
201,anti_tit_for_tat,1,19,D,C,5,0,95,0,free,model,scripted
201,anti_tit_for_tat,1,20,D,C,5,0,100,0,free,model,scripted
202,anti_tit_for_tat,2,1,D,C,5,0,5,0,free,model,scripted
202,anti_tit_for_tat,2,2,D,C,5,0,10,0,free,model,scripted
202,anti_tit_for_tat,2,3,D,C,5,0,15,0,free,model,scripted
202,anti_tit_for_tat,2,4,D,C,5,0,20,0,free,model,scripted
202,anti_tit_for_tat,2,5,D,C,5,0,25,0,free,model,scripted
202,anti_tit_for_tat,2,6,D,C,5,0,30,0,free,model,scripted
202,anti_tit_for_tat,2,7,D,C,5,0,35,0,free,model,scripted
202,anti_tit_for_tat,2,8,D,C,5,0,40,0,free,model,scripted
202,anti_tit_for_tat,2,9,D,C,5,0,45,0,free,model,scripted
202,anti_tit_for_tat,2,10,D,C,5,0,50,0,free,model,scripted
202,anti_tit_for_tat,2,11,D,C,5,0,55,0,free,model,scripted
202,anti_tit_for_tat,2,12,D,C,5,0,60,0,free,model,scripted
202,anti_tit_for_tat,2,13,D,C,5,0,65,0,free,model,scripted
202,anti_tit_for_tat,2,14,D,C,5,0,70,0,free,model,scripted
202,anti_tit_for_tat,2,15,D,C,5,0,75,0,free,model,scripted
202,anti_tit_for_tat,2,16,D,C,5,0,80,0,free,model,scripted
202,anti_tit_for_tat,2,17,D,C,5,0,85,0,free,model,scripted
202,anti_tit_for_tat,2,18,D,C,5,0,90,0,free,model,scripted
202,anti_tit_for_tat,2,19,D,C,5,0,95,0,free,model,scripted
202,anti_tit_for_tat,2,20,D,C,5,0,100,0,free,model,scripted
203,anti_tit_for_tat,3,1,D,C,5,0,5,0,free,model,scripted
203,anti_tit_for_tat,3,2,D,C,5,0,10,0,free,model,scripted
203,anti_tit_for_tat,3,3,D,C,5,0,15,0,free,model,scripted
203,anti_tit_for_tat,3,4,D,C,5,0,20,0,free,model,scripted
203,anti_tit_for_tat,3,5,D,C,5,0,25,0,free,model,scripted
203,anti_tit_for_tat,3,6,D,C,5,0,30,0,free,model,scripted
203,anti_tit_for_tat,3,7,D,C,5,0,35,0,free,model,scripted
203,anti_tit_for_tat,3,8,D,C,5,0,40,0,free,model,scripted
203,anti_tit_for_tat,3,9,D,C,5,0,45,0,free,model,scripted
203,anti_tit_for_tat,3,10,D,C,5,0,50,0,free,model,scripted
203,anti_tit_for_tat,3,11,D,C,5,0,55,0,free,model,scripted
203,anti_tit_for_tat,3,12,D,C,5,0,60,0,free,model,scripted
203,anti_tit_for_tat,3,13,D,C,5,0,65,0,free,model,scripted
203,anti_tit_for_tat,3,14,D,C,5,0,70,0,free,model,scripted
203,anti_tit_for_tat,3,15,D,C,5,0,75,0,free,model,scripted
203,anti_tit_for_tat,3,16,D,C,5,0,80,0,free,model,scripted
203,anti_tit_for_tat,3,17,D,C,5,0,85,0,free,model,scripted
203,anti_tit_for_tat,3,18,D,C,5,0,90,0,free,model,scripted
203,anti_tit_for_tat,3,19,D,C,5,0,95,0,free,model,scripted
203,anti_tit_for_tat,3,20,D,C,5,0,100,0,free,model,scripted
204,anti_tit_for_tat,4,1,C,C,3,3,3,3,free,model,scripted
204,anti_tit_for_tat,4,2,C,D,0,5,3,8,free,model,scripted
204,anti_tit_for_tat,4,3,D,D,1,1,4,9,free,model,scripted
204,anti_tit_for_tat,4,4,D,C,5,0,9,9,free,model,scripted
204,anti_tit_for_tat,4,5,D,C,5,0,14,9,free,model,scripted
204,anti_tit_for_tat,4,6,D,C,5,0,19,9,free,model,scripted
204,anti_tit_for_tat,4,7,D,C,5,0,24,9,free,model,scripted
204,anti_tit_for_tat,4,8,D,C,5,0,29,9,free,model,scripted
204,anti_tit_for_tat,4,9,D,C,5,0,34,9,free,model,scripted
204,anti_tit_for_tat,4,10,D,C,5,0,39,9,free,model,scripted
204,anti_tit_for_tat,4,11,D,C,5,0,44,9,free,model,scripted
204,anti_tit_for_tat,4,12,D,C,5,0,49,9,free,model,scripted
204,anti_tit_for_tat,4,13,D,C,5,0,54,9,free,model,scripted
204,anti_tit_for_tat,4,14,D,C,5,0,59,9,free,model,scripted
204,anti_tit_for_tat,4,15,D,C,5,0,64,9,free,model,scripted
204,anti_tit_for_tat,4,16,D,C,5,0,69,9,free,model,scripted
204,anti_tit_for_tat,4,17,D,C,5,0,74,9,free,model,scripted
204,anti_tit_for_tat,4,18,D,C,5,0,79,9,free,model,scripted
204,anti_tit_for_tat,4,19,D,C,5,0,84,9,free,model,scripted
204,anti_tit_for_tat,4,20,D,C,5,0,89,9,free,model,scripted
205,anti_tit_for_tat,5,1,D,C,5,0,5,0,free,model,scripted
205,anti_tit_for_tat,5,2,D,C,5,0,10,0,free,model,scripted
205,anti_tit_for_tat,5,3,D,C,5,0,15,0,free,model,scripted
205,anti_tit_for_tat,5,4,D,C,5,0,20,0,free,model,scripted
205,anti_tit_for_tat,5,5,D,C,5,0,25,0,free,model,scripted
205,anti_tit_for_tat,5,6,D,C,5,0,30,0,free,model,scripted
205,anti_tit_for_tat,5,7,D,C,5,0,35,0,free,model,scripted
205,anti_tit_for_tat,5,8,D,C,5,0,40,0,free,model,scripted
205,anti_tit_for_tat,5,9,D,C,5,0,45,0,free,model,scripted
205,anti_tit_for_tat,5,10,D,C,5,0,50,0,free,model,scripted
205,anti_tit_for_tat,5,11,D,C,5,0,55,0,free,model,scripted
205,anti_tit_for_tat,5,12,D,C,5,0,60,0,free,model,scripted
205,anti_tit_for_tat,5,13,D,C,5,0,65,0,free,model,scripted
205,anti_tit_for_tat,5,14,D,C,5,0,70,0,free,model,scripted
205,anti_tit_for_tat,5,15,D,C,5,0,75,0,free,model,scripted
205,anti_tit_for_tat,5,16,D,C,5,0,80,0,free,model,scripted
205,anti_tit_for_tat,5,17,D,C,5,0,85,0,free,model,scripted
205,anti_tit_for_tat,5,18,D,C,5,0,90,0,free,model,scripted
205,anti_tit_for_tat,5,19,D,C,5,0,95,0,free,model,scripted
205,anti_tit_for_tat,5,20,D,C,5,0,100,0,free,model,scripted
206,anti_tit_for_tat,6,1,D,C,5,0,5,0,free,model,scripted
206,anti_tit_for_tat,6,2,D,C,5,0,10,0,free,model,scripted
206,anti_tit_for_tat,6,3,D,C,5,0,15,0,free,model,scripted
206,anti_tit_for_tat,6,4,D,C,5,0,20,0,free,model,scripted
206,anti_tit_for_tat,6,5,D,C,5,0,25,0,free,model,scripted
206,anti_tit_for_tat,6,6,D,C,5,0,30,0,free,model,scripted
206,anti_tit_for_tat,6,7,D,C,5,0,35,0,free,model,scripted
206,anti_tit_for_tat,6,8,D,C,5,0,40,0,free,model,scripted
206,anti_tit_for_tat,6,9,D,C,5,0,45,0,free,model,scripted
206,anti_tit_for_tat,6,10,D,C,5,0,50,0,free,model,scripted
206,anti_tit_for_tat,6,11,D,C,5,0,55,0,free,model,scripted
206,anti_tit_for_tat,6,12,D,C,5,0,60,0,free,model,scripted
206,anti_tit_for_tat,6,13,D,C,5,0,65,0,free,model,scripted
206,anti_tit_for_tat,6,14,D,C,5,0,70,0,free,model,scripted
206,anti_tit_for_tat,6,15,D,C,5,0,75,0,free,model,scripted
206,anti_tit_for_tat,6,16,D,C,5,0,80,0,free,model,scripted
206,anti_tit_for_tat,6,17,D,C,5,0,85,0,free,model,scripted
206,anti_tit_for_tat,6,18,D,C,5,0,90,0,free,model,scripted
206,anti_tit_for_tat,6,19,D,C,5,0,95,0,free,model,scripted
206,anti_tit_for_tat,6,20,D,C,5,0,100,0,free,model,scripted
207,anti_tit_for_tat,7,1,D,C,5,0,5,0,free,model,scripted
207,anti_tit_for_tat,7,2,D,C,5,0,10,0,free,model,scripted
207,anti_tit_for_tat,7,3,D,C,5,0,15,0,free,model,scripted
207,anti_tit_for_tat,7,4,D,C,5,0,20,0,free,model,scripted
207,anti_tit_for_tat,7,5,D,C,5,0,25,0,free,model,scripted
207,anti_tit_for_tat,7,6,D,C,5,0,30,0,free,model,scripted
207,anti_tit_for_tat,7,7,D,C,5,0,35,0,free,model,scripted
207,anti_tit_for_tat,7,8,D,C,5,0,40,0,free,model,scripted
207,anti_tit_for_tat,7,9,D,C,5,0,45,0,free,model,scripted
207,anti_tit_for_tat,7,10,D,C,5,0,50,0,free,model,scripted
207,anti_tit_for_tat,7,11,D,C,5,0,55,0,free,model,scripted
207,anti_tit_for_tat,7,12,D,C,5,0,60,0,free,model,scripted
207,anti_tit_for_tat,7,13,D,C,5,0,65,0,free,model,scripted
207,anti_tit_for_tat,7,14,D,C,5,0,70,0,free,model,scripted
207,anti_tit_for_tat,7,15,D,C,5,0,75,0,free,model,scripted
207,anti_tit_for_tat,7,16,D,C,5,0,80,0,free,model,scripted
207,anti_tit_for_tat,7,17,D,C,5,0,85,0,free,model,scripted
207,anti_tit_for_tat,7,18,D,C,5,0,90,0,free,model,scripted
207,anti_tit_for_tat,7,19,D,C,5,0,95,0,free,model,scripted
207,anti_tit_for_tat,7,20,D,C,5,0,100,0,free,model,scripted
208,anti_tit_for_tat,8,1,C,C,3,3,3,3,free,model,scripted
208,anti_tit_for_tat,8,2,C,D,0,5,3,8,free,model,scripted
208,anti_tit_for_tat,8,3,D,D,1,1,4,9,free,model,scripted
208,anti_tit_for_tat,8,4,D,C,5,0,9,9,free,model,scripted
208,anti_tit_for_tat,8,5,D,C,5,0,14,9,free,model,scripted
208,anti_tit_for_tat,8,6,D,C,5,0,19,9,free,model,scripted
208,anti_tit_for_tat,8,7,D,C,5,0,24,9,free,model,scripted
208,anti_tit_for_tat,8,8,D,C,5,0,29,9,free,model,scripted
208,anti_tit_for_tat,8,9,D,C,5,0,34,9,free,model,scripted
208,anti_tit_for_tat,8,10,D,C,5,0,39,9,free,model,scripted
208,anti_tit_for_tat,8,11,D,C,5,0,44,9,free,model,scripted
208,anti_tit_for_tat,8,12,D,C,5,0,49,9,free,model,scripted
208,anti_tit_for_tat,8,13,D,C,5,0,54,9,free,model,scripted
208,anti_tit_for_tat,8,14,D,C,5,0,59,9,free,model,scripted
208,anti_tit_for_tat,8,15,D,C,5,0,64,9,free,model,scripted
208,anti_tit_for_tat,8,16,D,C,5,0,69,9,free,model,scripted
208,anti_tit_for_tat,8,17,D,C,5,0,74,9,free,model,scripted
208,anti_tit_for_tat,8,18,D,C,5,0,79,9,free,model,scripted
208,anti_tit_for_tat,8,19,D,C,5,0,84,9,free,model,scripted
208,anti_tit_for_tat,8,20,D,C,5,0,89,9,free,model,scripted
209,anti_tit_for_tat,9,1,C,C,3,3,3,3,free,model,scripted
209,anti_tit_for_tat,9,2,C,D,0,5,3,8,free,model,scripted
209,anti_tit_for_tat,9,3,D,D,1,1,4,9,free,model,scripted
209,anti_tit_for_tat,9,4,D,C,5,0,9,9,free,model,scripted
209,anti_tit_for_tat,9,5,D,C,5,0,14,9,free,model,scripted
209,anti_tit_for_tat,9,6,D,C,5,0,19,9,free,model,scripted
209,anti_tit_for_tat,9,7,D,C,5,0,24,9,free,model,scripted
209,anti_tit_for_tat,9,8,D,C,5,0,29,9,free,model,scripted
209,anti_tit_for_tat,9,9,D,C,5,0,34,9,free,model,scripted
209,anti_tit_for_tat,9,10,D,C,5,0,39,9,free,model,scripted
209,anti_tit_for_tat,9,11,D,C,5,0,44,9,free,model,scripted
209,anti_tit_for_tat,9,12,D,C,5,0,49,9,free,model,scripted
209,anti_tit_for_tat,9,13,D,C,5,0,54,9,free,model,scripted
209,anti_tit_for_tat,9,14,D,C,5,0,59,9,free,model,scripted
209,anti_tit_for_tat,9,15,D,C,5,0,64,9,free,model,scripted
209,anti_tit_for_tat,9,16,D,C,5,0,69,9,free,model,scripted
209,anti_tit_for_tat,9,17,D,C,5,0,74,9,free,model,scripted
209,anti_tit_for_tat,9,18,D,C,5,0,79,9,free,model,scripted
209,anti_tit_for_tat,9,19,D,C,5,0,84,9,free,model,scripted
209,anti_tit_for_tat,9,20,D,C,5,0,89,9,free,model,scripted
210,anti_tit_for_tat,10,1,D,C,5,0,5,0,free,model,scripted
210,anti_tit_for_tat,10,2,D,C,5,0,10,0,free,model,scripted
210,anti_tit_for_tat,10,3,D,C,5,0,15,0,free,model,scripted
210,anti_tit_for_tat,10,4,D,C,5,0,20,0,free,model,scripted
210,anti_tit_for_tat,10,5,D,C,5,0,25,0,free,model,scripted
210,anti_tit_for_tat,10,6,D,C,5,0,30,0,free,model,scripted
210,anti_tit_for_tat,10,7,D,C,5,0,35,0,free,model,scripted
210,anti_tit_for_tat,10,8,D,C,5,0,40,0,free,model,scripted
210,anti_tit_for_tat,10,9,D,C,5,0,45,0,free,model,scripted
210,anti_tit_for_tat,10,10,D,C,5,0,50,0,free,model,scripted
210,anti_tit_for_tat,10,11,D,C,5,0,55,0,free,model,scripted
210,anti_tit_for_tat,10,12,D,C,5,0,60,0,free,model,scripted
210,anti_tit_for_tat,10,13,D,C,5,0,65,0,free,model,scripted
210,anti_tit_for_tat,10,14,D,C,5,0,70,0,free,model,scripted
210,anti_tit_for_tat,10,15,D,C,5,0,75,0,free,model,scripted
210,anti_tit_for_tat,10,16,D,C,5,0,80,0,free,model,scripted
210,anti_tit_for_tat,10,17,D,C,5,0,85,0,free,model,scripted
210,anti_tit_for_tat,10,18,D,C,5,0,90,0,free,model,scripted
210,anti_tit_for_tat,10,19,D,C,5,0,95,0,free,model,scripted
210,anti_tit_for_tat,10,20,D,C,5,0,100,0,free,model,scripted
211,anti_tit_for_tat,11,1,D,C,5,0,5,0,free,model,scripted
211,anti_tit_for_tat,11,2,D,C,5,0,10,0,free,model,scripted
211,anti_tit_for_tat,11,3,D,C,5,0,15,0,free,model,scripted
211,anti_tit_for_tat,11,4,D,C,5,0,20,0,free,model,scripted
211,anti_tit_for_tat,11,5,D,C,5,0,25,0,free,model,scripted
211,anti_tit_for_tat,11,6,D,C,5,0,30,0,free,model,scripted
211,anti_tit_for_tat,11,7,D,C,5,0,35,0,free,model,scripted
211,anti_tit_for_tat,11,8,D,C,5,0,40,0,free,model,scripted
211,anti_tit_for_tat,11,9,D,C,5,0,45,0,free,model,scripted
211,anti_tit_for_tat,11,10,D,C,5,0,50,0,free,model,scripted
211,anti_tit_for_tat,11,11,D,C,5,0,55,0,free,model,scripted
211,anti_tit_for_tat,11,12,D,C,5,0,60,0,free,model,scripted
211,anti_tit_for_tat,11,13,D,C,5,0,65,0,free,model,scripted
211,anti_tit_for_tat,11,14,D,C,5,0,70,0,free,model,scripted
211,anti_tit_for_tat,11,15,D,C,5,0,75,0,free,model,scripted
211,anti_tit_for_tat,11,16,D,C,5,0,80,0,free,model,scripted
211,anti_tit_for_tat,11,17,D,C,5,0,85,0,free,model,scripted
211,anti_tit_for_tat,11,18,D,C,5,0,90,0,free,model,scripted
211,anti_tit_for_tat,11,19,D,C,5,0,95,0,free,model,scripted
211,anti_tit_for_tat,11,20,D,C,5,0,100,0,free,model,scripted
212,anti_tit_for_tat,12,1,D,C,5,0,5,0,free,model,scripted
212,anti_tit_for_tat,12,2,D,C,5,0,10,0,free,model,scripted
212,anti_tit_for_tat,12,3,D,C,5,0,15,0,free,model,scripted
212,anti_tit_for_tat,12,4,D,C,5,0,20,0,free,model,scripted
212,anti_tit_for_tat,12,5,D,C,5,0,25,0,free,model,scripted
212,anti_tit_for_tat,12,6,D,C,5,0,30,0,free,model,scripted
212,anti_tit_for_tat,12,7,D,C,5,0,35,0,free,model,scripted
212,anti_tit_for_tat,12,8,D,C,5,0,40,0,free,model,scripted
212,anti_tit_for_tat,12,9,D,C,5,0,45,0,free,model,scripted
212,anti_tit_for_tat,12,10,D,C,5,0,50,0,free,model,scripted
212,anti_tit_for_tat,12,11,D,C,5,0,55,0,free,model,scripted
212,anti_tit_for_tat,12,12,D,C,5,0,60,0,free,model,scripted
212,anti_tit_for_tat,12,13,D,C,5,0,65,0,free,model,scripted
212,anti_tit_for_tat,12,14,D,C,5,0,70,0,free,model,scripted
212,anti_tit_for_tat,12,15,D,C,5,0,75,0,free,model,scripted
212,anti_tit_for_tat,12,16,D,C,5,0,80,0,free,model,scripted
212,anti_tit_for_tat,12,17,D,C,5,0,85,0,free,model,scripted
212,anti_tit_for_tat,12,18,D,C,5,0,90,0,free,model,scripted
212,anti_tit_for_tat,12,19,D,C,5,0,95,0,free,model,scripted
212,anti_tit_for_tat,12,20,D,C,5,0,100,0,free,model,scripted
213,anti_tit_for_tat,13,1,D,C,5,0,5,0,free,model,scripted
213,anti_tit_for_tat,13,2,D,C,5,0,10,0,free,model,scripted
213,anti_tit_for_tat,13,3,D,C,5,0,15,0,free,model,scripted
213,anti_tit_for_tat,13,4,D,C,5,0,20,0,free,model,scripted
213,anti_tit_for_tat,13,5,D,C,5,0,25,0,free,model,scripted
213,anti_tit_for_tat,13,6,D,C,5,0,30,0,free,model,scripted
213,anti_tit_for_tat,13,7,D,C,5,0,35,0,free,model,scripted
213,anti_tit_for_tat,13,8,D,C,5,0,40,0,free,model,scripted
213,anti_tit_for_tat,13,9,D,C,5,0,45,0,free,model,scripted
213,anti_tit_for_tat,13,10,D,C,5,0,50,0,free,model,scripted
213,anti_tit_for_tat,13,11,D,C,5,0,55,0,free,model,scripted
213,anti_tit_for_tat,13,12,D,C,5,0,60,0,free,model,scripted
213,anti_tit_for_tat,13,13,D,C,5,0,65,0,free,model,scripted
213,anti_tit_for_tat,13,14,D,C,5,0,70,0,free,model,scripted
213,anti_tit_for_tat,13,15,D,C,5,0,75,0,free,model,scripted
213,anti_tit_for_tat,13,16,D,C,5,0,80,0,free,model,scripted
213,anti_tit_for_tat,13,17,D,C,5,0,85,0,free,model,scripted
213,anti_tit_for_tat,13,18,D,C,5,0,90,0,free,model,scripted
213,anti_tit_for_tat,13,19,D,C,5,0,95,0,free,model,scripted
213,anti_tit_for_tat,13,20,D,C,5,0,100,0,free,model,scripted
214,anti_tit_for_tat,14,1,D,C,5,0,5,0,free,model,scripted
214,anti_tit_for_tat,14,2,D,C,5,0,10,0,free,model,scripted
214,anti_tit_for_tat,14,3,D,C,5,0,15,0,free,model,scripted
214,anti_tit_for_tat,14,4,D,C,5,0,20,0,free,model,scripted
214,anti_tit_for_tat,14,5,D,C,5,0,25,0,free,model,scripted
214,anti_tit_for_tat,14,6,D,C,5,0,30,0,free,model,scripted
214,anti_tit_for_tat,14,7,D,C,5,0,35,0,free,model,scripted
214,anti_tit_for_tat,14,8,D,C,5,0,40,0,free,model,scripted
214,anti_tit_for_tat,14,9,D,C,5,0,45,0,free,model,scripted
214,anti_tit_for_tat,14,10,D,C,5,0,50,0,free,model,scripted
214,anti_tit_for_tat,14,11,D,C,5,0,55,0,free,model,scripted
214,anti_tit_for_tat,14,12,D,C,5,0,60,0,free,model,scripted
214,anti_tit_for_tat,14,13,D,C,5,0,65,0,free,model,scripted
214,anti_tit_for_tat,14,14,D,C,5,0,70,0,free,model,scripted
214,anti_tit_for_tat,14,15,D,C,5,0,75,0,free,model,scripted
214,anti_tit_for_tat,14,16,D,C,5,0,80,0,free,model,scripted
214,anti_tit_for_tat,14,17,D,C,5,0,85,0,free,model,scripted
214,anti_tit_for_tat,14,18,D,C,5,0,90,0,free,model,scripted
214,anti_tit_for_tat,14,19,D,C,5,0,95,0,free,model,scripted
214,anti_tit_for_tat,14,20,D,C,5,0,100,0,free,model,scripted
215,anti_tit_for_tat,15,1,D,C,5,0,5,0,free,model,scripted
215,anti_tit_for_tat,15,2,D,C,5,0,10,0,free,model,scripted
215,anti_tit_for_tat,15,3,D,C,5,0,15,0,free,model,scripted
215,anti_tit_for_tat,15,4,D,C,5,0,20,0,free,model,scripted
215,anti_tit_for_tat,15,5,D,C,5,0,25,0,free,model,scripted
215,anti_tit_for_tat,15,6,D,C,5,0,30,0,free,model,scripted
215,anti_tit_for_tat,15,7,D,C,5,0,35,0,free,model,scripted
215,anti_tit_for_tat,15,8,D,C,5,0,40,0,free,model,scripted
215,anti_tit_for_tat,15,9,D,C,5,0,45,0,free,model,scripted
215,anti_tit_for_tat,15,10,D,C,5,0,50,0,free,model,scripted
215,anti_tit_for_tat,15,11,D,C,5,0,55,0,free,model,scripted
215,anti_tit_for_tat,15,12,D,C,5,0,60,0,free,model,scripted
215,anti_tit_for_tat,15,13,D,C,5,0,65,0,free,model,scripted
215,anti_tit_for_tat,15,14,D,C,5,0,70,0,free,model,scripted
215,anti_tit_for_tat,15,15,D,C,5,0,75,0,free,model,scripted
215,anti_tit_for_tat,15,16,D,C,5,0,80,0,free,model,scripted
215,anti_tit_for_tat,15,17,D,C,5,0,85,0,free,model,scripted
215,anti_tit_for_tat,15,18,D,C,5,0,90,0,free,model,scripted
215,anti_tit_for_tat,15,19,D,C,5,0,95,0,free,model,scripted
215,anti_tit_for_tat,15,20,D,C,5,0,100,0,free,model,scripted
216,anti_tit_for_tat,16,1,D,C,5,0,5,0,free,model,scripted
216,anti_tit_for_tat,16,2,D,C,5,0,10,0,free,model,scripted
216,anti_tit_for_tat,16,3,D,C,5,0,15,0,free,model,scripted
216,anti_tit_for_tat,16,4,D,C,5,0,20,0,free,model,scripted
216,anti_tit_for_tat,16,5,D,C,5,0,25,0,free,model,scripted
216,anti_tit_for_tat,16,6,D,C,5,0,30,0,free,model,scripted
216,anti_tit_for_tat,16,7,D,C,5,0,35,0,free,model,scripted
216,anti_tit_for_tat,16,8,D,C,5,0,40,0,free,model,scripted
216,anti_tit_for_tat,16,9,D,C,5,0,45,0,free,model,scripted
216,anti_tit_for_tat,16,10,D,C,5,0,50,0,free,model,scripted
216,anti_tit_for_tat,16,11,D,C,5,0,55,0,free,model,scripted
216,anti_tit_for_tat,16,12,D,C,5,0,60,0,free,model,scripted
216,anti_tit_for_tat,16,13,D,C,5,0,65,0,free,model,scripted
216,anti_tit_for_tat,16,14,D,C,5,0,70,0,free,model,scripted
216,anti_tit_for_tat,16,15,D,C,5,0,75,0,free,model,scripted
216,anti_tit_for_tat,16,16,D,C,5,0,80,0,free,model,scripted
216,anti_tit_for_tat,16,17,D,C,5,0,85,0,free,model,scripted
216,anti_tit_for_tat,16,18,D,C,5,0,90,0,free,model,scripted
216,anti_tit_for_tat,16,19,D,C,5,0,95,0,free,model,scripted
216,anti_tit_for_tat,16,20,D,C,5,0,100,0,free,model,scripted
217,anti_tit_for_tat,17,1,C,C,3,3,3,3,free,model,scripted
217,anti_tit_for_tat,17,2,C,D,0,5,3,8,free,model,scripted
217,anti_tit_for_tat,17,3,D,D,1,1,4,9,free,model,scripted
217,anti_tit_for_tat,17,4,D,C,5,0,9,9,free,model,scripted
217,anti_tit_for_tat,17,5,D,C,5,0,14,9,free,model,scripted
217,anti_tit_for_tat,17,6,D,C,5,0,19,9,free,model,scripted
217,anti_tit_for_tat,17,7,D,C,5,0,24,9,free,model,scripted
217,anti_tit_for_tat,17,8,D,C,5,0,29,9,free,model,scripted
217,anti_tit_for_tat,17,9,D,C,5,0,34,9,free,model,scripted
217,anti_tit_for_tat,17,10,D,C,5,0,39,9,free,model,scripted
217,anti_tit_for_tat,17,11,D,C,5,0,44,9,free,model,scripted
217,anti_tit_for_tat,17,12,D,C,5,0,49,9,free,model,scripted
217,anti_tit_for_tat,17,13,D,C,5,0,54,9,free,model,scripted
217,anti_tit_for_tat,17,14,D,C,5,0,59,9,free,model,scripted
217,anti_tit_for_tat,17,15,D,C,5,0,64,9,free,model,scripted
217,anti_tit_for_tat,17,16,D,C,5,0,69,9,free,model,scripted
217,anti_tit_for_tat,17,17,D,C,5,0,74,9,free,model,scripted
217,anti_tit_for_tat,17,18,D,C,5,0,79,9,free,model,scripted
217,anti_tit_for_tat,17,19,D,C,5,0,84,9,free,model,scripted
217,anti_tit_for_tat,17,20,D,C,5,0,89,9,free,model,scripted
218,anti_tit_for_tat,18,1,C,C,3,3,3,3,free,model,scripted
218,anti_tit_for_tat,18,2,C,D,0,5,3,8,free,model,scripted
218,anti_tit_for_tat,18,3,D,D,1,1,4,9,free,model,scripted
218,anti_tit_for_tat,18,4,D,C,5,0,9,9,free,model,scripted
218,anti_tit_for_tat,18,5,D,C,5,0,14,9,free,model,scripted
218,anti_tit_for_tat,18,6,D,C,5,0,19,9,free,model,scripted
218,anti_tit_for_tat,18,7,D,C,5,0,24,9,free,model,scripted
218,anti_tit_for_tat,18,8,D,C,5,0,29,9,free,model,scripted
218,anti_tit_for_tat,18,9,D,C,5,0,34,9,free,model,scripted
218,anti_tit_for_tat,18,10,D,C,5,0,39,9,free,model,scripted
218,anti_tit_for_tat,18,11,D,C,5,0,44,9,free,model,scripted
218,anti_tit_for_tat,18,12,D,C,5,0,49,9,free,model,scripted
218,anti_tit_for_tat,18,13,D,C,5,0,54,9,free,model,scripted
218,anti_tit_for_tat,18,14,D,C,5,0,59,9,free,model,scripted
218,anti_tit_for_tat,18,15,D,C,5,0,64,9,free,model,scripted
218,anti_tit_for_tat,18,16,D,C,5,0,69,9,free,model,scripted
218,anti_tit_for_tat,18,17,D,C,5,0,74,9,free,model,scripted
218,anti_tit_for_tat,18,18,D,C,5,0,79,9,free,model,scripted
218,anti_tit_for_tat,18,19,D,C,5,0,84,9,free,model,scripted
218,anti_tit_for_tat,18,20,D,C,5,0,89,9,free,model,scripted
219,anti_tit_for_tat,19,1,D,C,5,0,5,0,free,model,scripted
219,anti_tit_for_tat,19,2,D,C,5,0,10,0,free,model,scripted
219,anti_tit_for_tat,19,3,D,C,5,0,15,0,free,model,scripted
219,anti_tit_for_tat,19,4,D,C,5,0,20,0,free,model,scripted
219,anti_tit_for_tat,19,5,D,C,5,0,25,0,free,model,scripted
219,anti_tit_for_tat,19,6,D,C,5,0,30,0,free,model,scripted
219,anti_tit_for_tat,19,7,D,C,5,0,35,0,free,model,scripted
219,anti_tit_for_tat,19,8,D,C,5,0,40,0,free,model,scripted
219,anti_tit_for_tat,19,9,D,C,5,0,45,0,free,model,scripted
219,anti_tit_for_tat,19,10,D,C,5,0,50,0,free,model,scripted
219,anti_tit_for_tat,19,11,D,C,5,0,55,0,free,model,scripted
219,anti_tit_for_tat,19,12,D,C,5,0,60,0,free,model,scripted
219,anti_tit_for_tat,19,13,D,C,5,0,65,0,free,model,scripted
219,anti_tit_for_tat,19,14,D,C,5,0,70,0,free,model,scripted
219,anti_tit_for_tat,19,15,D,C,5,0,75,0,free,model,scripted
219,anti_tit_for_tat,19,16,D,C,5,0,80,0,free,model,scripted
219,anti_tit_for_tat,19,17,D,C,5,0,85,0,free,model,scripted
219,anti_tit_for_tat,19,18,D,C,5,0,90,0,free,model,scripted
219,anti_tit_for_tat,19,19,D,C,5,0,95,0,free,model,scripted
219,anti_tit_for_tat,19,20,D,C,5,0,100,0,free,model,scripted
220,anti_tit_for_tat,20,1,D,C,5,0,5,0,free,model,scripted
220,anti_tit_for_tat,20,2,D,C,5,0,10,0,free,model,scripted
220,anti_tit_for_tat,20,3,D,C,5,0,15,0,free,model,scripted
220,anti_tit_for_tat,20,4,D,C,5,0,20,0,free,model,scripted
220,anti_tit_for_tat,20,5,D,C,5,0,25,0,free,model,scripted
220,anti_tit_for_tat,20,6,D,C,5,0,30,0,free,model,scripted
220,anti_tit_for_tat,20,7,D,C,5,0,35,0,free,model,scripted
220,anti_tit_for_tat,20,8,D,C,5,0,40,0,free,model,scripted
220,anti_tit_for_tat,20,9,D,C,5,0,45,0,free,model,scripted
220,anti_tit_for_tat,20,10,D,C,5,0,50,0,free,model,scripted
220,anti_tit_for_tat,20,11,D,C,5,0,55,0,free,model,scripted
220,anti_tit_for_tat,20,12,D,C,5,0,60,0,free,model,scripted
220,anti_tit_for_tat,20,13,D,C,5,0,65,0,free,model,scripted
220,anti_tit_for_tat,20,14,D,C,5,0,70,0,free,model,scripted
220,anti_tit_for_tat,20,15,D,C,5,0,75,0,free,model,scripted
220,anti_tit_for_tat,20,16,D,C,5,0,80,0,free,model,scripted
220,anti_tit_for_tat,20,17,D,C,5,0,85,0,free,model,scripted
220,anti_tit_for_tat,20,18,D,C,5,0,90,0,free,model,scripted
220,anti_tit_for_tat,20,19,D,C,5,0,95,0,free,model,scripted
220,anti_tit_for_tat,20,20,D,C,5,0,100,0,free,model,scripted
221,adaptive,1,1,D,C,5,0,5,0,free,model,scripted
221,adaptive,1,2,D,C,5,0,10,0,free,model,scripted
221,adaptive,1,3,D,C,5,0,15,0,free,model,scripted
221,adaptive,1,4,D,C,5,0,20,0,free,model,scripted
221,adaptive,1,5,D,C,5,0,25,0,free,model,scripted
221,adaptive,1,6,D,C,5,0,30,0,free,model,scripted
221,adaptive,1,7,D,D,1,1,31,1,free,model,scripted
221,adaptive,1,8,D,D,1,1,32,2,free,model,scripted
221,adaptive,1,9,D,D,1,1,33,3,free,model,scripted
221,adaptive,1,10,D,D,1,1,34,4,free,model,scripted
221,adaptive,1,11,D,D,1,1,35,5,free,model,scripted
221,adaptive,1,12,D,D,1,1,36,6,free,model,scripted
221,adaptive,1,13,D,D,1,1,37,7,free,model,scripted
221,adaptive,1,14,D,D,1,1,38,8,free,model,scripted
221,adaptive,1,15,D,D,1,1,39,9,free,model,scripted
221,adaptive,1,16,D,D,1,1,40,10,free,model,scripted
221,adaptive,1,17,D,D,1,1,41,11,free,model,scripted
221,adaptive,1,18,D,D,1,1,42,12,free,model,scripted
221,adaptive,1,19,D,D,1,1,43,13,free,model,scripted
221,adaptive,1,20,D,D,1,1,44,14,free,model,scripted
222,adaptive,2,1,D,C,5,0,5,0,free,model,scripted
222,adaptive,2,2,D,C,5,0,10,0,free,model,scripted
222,adaptive,2,3,D,C,5,0,15,0,free,model,scripted
222,adaptive,2,4,D,C,5,0,20,0,free,model,scripted
222,adaptive,2,5,D,C,5,0,25,0,free,model,scripted
222,adaptive,2,6,D,C,5,0,30,0,free,model,scripted
222,adaptive,2,7,D,D,1,1,31,1,free,model,scripted
222,adaptive,2,8,D,D,1,1,32,2,free,model,scripted
222,adaptive,2,9,D,D,1,1,33,3,free,model,scripted
222,adaptive,2,10,D,D,1,1,34,4,free,model,scripted
222,adaptive,2,11,D,D,1,1,35,5,free,model,scripted
222,adaptive,2,12,D,D,1,1,36,6,free,model,scripted
222,adaptive,2,13,D,D,1,1,37,7,free,model,scripted
222,adaptive,2,14,D,D,1,1,38,8,free,model,scripted
222,adaptive,2,15,D,D,1,1,39,9,free,model,scripted
222,adaptive,2,16,D,D,1,1,40,10,free,model,scripted
222,adaptive,2,17,D,D,1,1,41,11,free,model,scripted
222,adaptive,2,18,D,D,1,1,42,12,free,model,scripted
222,adaptive,2,19,D,D,1,1,43,13,free,model,scripted
222,adaptive,2,20,D,D,1,1,44,14,free,model,scripted
223,adaptive,3,1,D,C,5,0,5,0,free,model,scripted
223,adaptive,3,2,D,C,5,0,10,0,free,model,scripted
223,adaptive,3,3,D,C,5,0,15,0,free,model,scripted
223,adaptive,3,4,D,C,5,0,20,0,free,model,scripted
223,adaptive,3,5,D,C,5,0,25,0,free,model,scripted
223,adaptive,3,6,D,C,5,0,30,0,free,model,scripted
223,adaptive,3,7,D,D,1,1,31,1,free,model,scripted
223,adaptive,3,8,D,D,1,1,32,2,free,model,scripted
223,adaptive,3,9,D,D,1,1,33,3,free,model,scripted
223,adaptive,3,10,D,D,1,1,34,4,free,model,scripted
223,adaptive,3,11,D,D,1,1,35,5,free,model,scripted
223,adaptive,3,12,D,D,1,1,36,6,free,model,scripted
223,adaptive,3,13,D,D,1,1,37,7,free,model,scripted
223,adaptive,3,14,D,D,1,1,38,8,free,model,scripted
223,adaptive,3,15,D,D,1,1,39,9,free,model,scripted
223,adaptive,3,16,D,D,1,1,40,10,free,model,scripted
223,adaptive,3,17,D,D,1,1,41,11,free,model,scripted
223,adaptive,3,18,D,D,1,1,42,12,free,model,scripted
223,adaptive,3,19,D,D,1,1,43,13,free,model,scripted
223,adaptive,3,20,D,D,1,1,44,14,free,model,scripted
224,adaptive,4,1,D,C,5,0,5,0,free,model,scripted
224,adaptive,4,2,D,C,5,0,10,0,free,model,scripted
224,adaptive,4,3,D,C,5,0,15,0,free,model,scripted
224,adaptive,4,4,D,C,5,0,20,0,free,model,scripted
224,adaptive,4,5,D,C,5,0,25,0,free,model,scripted
224,adaptive,4,6,D,C,5,0,30,0,free,model,scripted
224,adaptive,4,7,D,D,1,1,31,1,free,model,scripted
224,adaptive,4,8,D,D,1,1,32,2,free,model,scripted
224,adaptive,4,9,D,D,1,1,33,3,free,model,scripted
224,adaptive,4,10,D,D,1,1,34,4,free,model,scripted
224,adaptive,4,11,D,D,1,1,35,5,free,model,scripted
224,adaptive,4,12,D,D,1,1,36,6,free,model,scripted
224,adaptive,4,13,D,D,1,1,37,7,free,model,scripted
224,adaptive,4,14,D,D,1,1,38,8,free,model,scripted
224,adaptive,4,15,D,D,1,1,39,9,free,model,scripted
224,adaptive,4,16,D,D,1,1,40,10,free,model,scripted
224,adaptive,4,17,D,D,1,1,41,11,free,model,scripted
224,adaptive,4,18,D,D,1,1,42,12,free,model,scripted
224,adaptive,4,19,D,D,1,1,43,13,free,model,scripted
224,adaptive,4,20,D,D,1,1,44,14,free,model,scripted
225,adaptive,5,1,D,C,5,0,5,0,free,model,scripted
225,adaptive,5,2,D,C,5,0,10,0,free,model,scripted
225,adaptive,5,3,D,C,5,0,15,0,free,model,scripted
225,adaptive,5,4,D,C,5,0,20,0,free,model,scripted
225,adaptive,5,5,D,C,5,0,25,0,free,model,scripted
225,adaptive,5,6,D,C,5,0,30,0,free,model,scripted
225,adaptive,5,7,D,D,1,1,31,1,free,model,scripted
225,adaptive,5,8,D,D,1,1,32,2,free,model,scripted
225,adaptive,5,9,D,D,1,1,33,3,free,model,scripted
225,adaptive,5,10,D,D,1,1,34,4,free,model,scripted
225,adaptive,5,11,D,D,1,1,35,5,free,model,scripted
225,adaptive,5,12,D,D,1,1,36,6,free,model,scripted
225,adaptive,5,13,D,D,1,1,37,7,free,model,scripted
225,adaptive,5,14,D,D,1,1,38,8,free,model,scripted
225,adaptive,5,15,D,D,1,1,39,9,free,model,scripted
225,adaptive,5,16,D,D,1,1,40,10,free,model,scripted
225,adaptive,5,17,D,D,1,1,41,11,free,model,scripted
225,adaptive,5,18,D,D,1,1,42,12,free,model,scripted
225,adaptive,5,19,D,D,1,1,43,13,free,model,scripted
225,adaptive,5,20,D,D,1,1,44,14,free,model,scripted
226,adaptive,6,1,D,C,5,0,5,0,free,model,scripted
226,adaptive,6,2,D,C,5,0,10,0,free,model,scripted
226,adaptive,6,3,D,C,5,0,15,0,free,model,scripted
226,adaptive,6,4,D,C,5,0,20,0,free,model,scripted
226,adaptive,6,5,D,C,5,0,25,0,free,model,scripted
226,adaptive,6,6,D,C,5,0,30,0,free,model,scripted
226,adaptive,6,7,D,D,1,1,31,1,free,model,scripted
226,adaptive,6,8,D,D,1,1,32,2,free,model,scripted
226,adaptive,6,9,D,D,1,1,33,3,free,model,scripted
226,adaptive,6,10,D,D,1,1,34,4,free,model,scripted
226,adaptive,6,11,D,D,1,1,35,5,free,model,scripted
226,adaptive,6,12,D,D,1,1,36,6,free,model,scripted
226,adaptive,6,13,D,D,1,1,37,7,free,model,scripted
226,adaptive,6,14,D,D,1,1,38,8,free,model,scripted
226,adaptive,6,15,D,D,1,1,39,9,free,model,scripted
226,adaptive,6,16,D,D,1,1,40,10,free,model,scripted
226,adaptive,6,17,D,D,1,1,41,11,free,model,scripted
226,adaptive,6,18,D,D,1,1,42,12,free,model,scripted
226,adaptive,6,19,D,D,1,1,43,13,free,model,scripted
226,adaptive,6,20,D,D,1,1,44,14,free,model,scripted
227,adaptive,7,1,C,C,3,3,3,3,free,model,scripted
227,adaptive,7,2,C,C,3,3,6,6,free,model,scripted
227,adaptive,7,3,C,C,3,3,9,9,free,model,scripted
227,adaptive,7,4,C,C,3,3,12,12,free,model,scripted
227,adaptive,7,5,C,C,3,3,15,15,free,model,scripted
227,adaptive,7,6,C,C,3,3,18,18,free,model,scripted
227,adaptive,7,7,C,D,0,5,18,23,free,model,scripted
227,adaptive,7,8,D,D,1,1,19,24,free,model,scripted
227,adaptive,7,9,D,D,1,1,20,25,free,model,scripted
227,adaptive,7,10,D,D,1,1,21,26,free,model,scripted
227,adaptive,7,11,D,D,1,1,22,27,free,model,scripted
227,adaptive,7,12,D,C,5,0,27,27,free,model,scripted
227,adaptive,7,13,D,C,5,0,32,27,free,model,scripted
227,adaptive,7,14,D,C,5,0,37,27,free,model,scripted
227,adaptive,7,15,D,C,5,0,42,27,free,model,scripted
227,adaptive,7,16,D,C,5,0,47,27,free,model,scripted
227,adaptive,7,17,D,C,5,0,52,27,free,model,scripted
227,adaptive,7,18,D,C,5,0,57,27,free,model,scripted
227,adaptive,7,19,D,C,5,0,62,27,free,model,scripted
227,adaptive,7,20,D,C,5,0,67,27,free,model,scripted
228,adaptive,8,1,D,C,5,0,5,0,free,model,scripted
228,adaptive,8,2,D,C,5,0,10,0,free,model,scripted
228,adaptive,8,3,D,C,5,0,15,0,free,model,scripted
228,adaptive,8,4,D,C,5,0,20,0,free,model,scripted
228,adaptive,8,5,D,C,5,0,25,0,free,model,scripted
228,adaptive,8,6,D,C,5,0,30,0,free,model,scripted
228,adaptive,8,7,D,D,1,1,31,1,free,model,scripted
228,adaptive,8,8,D,D,1,1,32,2,free,model,scripted
228,adaptive,8,9,D,D,1,1,33,3,free,model,scripted
228,adaptive,8,10,D,D,1,1,34,4,free,model,scripted
228,adaptive,8,11,D,D,1,1,35,5,free,model,scripted
228,adaptive,8,12,D,D,1,1,36,6,free,model,scripted
228,adaptive,8,13,D,D,1,1,37,7,free,model,scripted
228,adaptive,8,14,D,D,1,1,38,8,free,model,scripted
228,adaptive,8,15,D,D,1,1,39,9,free,model,scripted
228,adaptive,8,16,D,D,1,1,40,10,free,model,scripted
228,adaptive,8,17,D,D,1,1,41,11,free,model,scripted
228,adaptive,8,18,D,D,1,1,42,12,free,model,scripted
228,adaptive,8,19,D,D,1,1,43,13,free,model,scripted
228,adaptive,8,20,D,D,1,1,44,14,free,model,scripted
229,adaptive,9,1,D,C,5,0,5,0,free,model,scripted
229,adaptive,9,2,D,C,5,0,10,0,free,model,scripted
229,adaptive,9,3,D,C,5,0,15,0,free,model,scripted
229,adaptive,9,4,D,C,5,0,20,0,free,model,scripted
229,adaptive,9,5,D,C,5,0,25,0,free,model,scripted
229,adaptive,9,6,D,C,5,0,30,0,free,model,scripted
229,adaptive,9,7,D,D,1,1,31,1,free,model,scripted
229,adaptive,9,8,D,D,1,1,32,2,free,model,scripted
229,adaptive,9,9,D,D,1,1,33,3,free,model,scripted
229,adaptive,9,10,D,D,1,1,34,4,free,model,scripted
229,adaptive,9,11,D,D,1,1,35,5,free,model,scripted
229,adaptive,9,12,D,D,1,1,36,6,free,model,scripted
229,adaptive,9,13,D,D,1,1,37,7,free,model,scripted
229,adaptive,9,14,D,D,1,1,38,8,free,model,scripted
229,adaptive,9,15,D,D,1,1,39,9,free,model,scripted
229,adaptive,9,16,D,D,1,1,40,10,free,model,scripted
229,adaptive,9,17,D,D,1,1,41,11,free,model,scripted
229,adaptive,9,18,D,D,1,1,42,12,free,model,scripted
229,adaptive,9,19,D,D,1,1,43,13,free,model,scripted
229,adaptive,9,20,D,D,1,1,44,14,free,model,scripted
230,adaptive,10,1,C,C,3,3,3,3,free,model,scripted
230,adaptive,10,2,C,C,3,3,6,6,free,model,scripted
230,adaptive,10,3,C,C,3,3,9,9,free,model,scripted
230,adaptive,10,4,C,C,3,3,12,12,free,model,scripted
230,adaptive,10,5,C,C,3,3,15,15,free,model,scripted
230,adaptive,10,6,C,C,3,3,18,18,free,model,scripted
230,adaptive,10,7,C,D,0,5,18,23,free,model,scripted
230,adaptive,10,8,D,D,1,1,19,24,free,model,scripted
230,adaptive,10,9,D,D,1,1,20,25,free,model,scripted
230,adaptive,10,10,D,D,1,1,21,26,free,model,scripted
230,adaptive,10,11,D,D,1,1,22,27,free,model,scripted
230,adaptive,10,12,D,C,5,0,27,27,free,model,scripted
230,adaptive,10,13,D,C,5,0,32,27,free,model,scripted
230,adaptive,10,14,D,C,5,0,37,27,free,model,scripted
230,adaptive,10,15,D,C,5,0,42,27,free,model,scripted
230,adaptive,10,16,D,C,5,0,47,27,free,model,scripted
230,adaptive,10,17,D,C,5,0,52,27,free,model,scripted
230,adaptive,10,18,D,C,5,0,57,27,free,model,scripted
230,adaptive,10,19,D,C,5,0,62,27,free,model,scripted
230,adaptive,10,20,D,C,5,0,67,27,free,model,scripted
231,adaptive,11,1,D,C,5,0,5,0,free,model,scripted
231,adaptive,11,2,D,C,5,0,10,0,free,model,scripted
231,adaptive,11,3,D,C,5,0,15,0,free,model,scripted
231,adaptive,11,4,D,C,5,0,20,0,free,model,scripted
231,adaptive,11,5,D,C,5,0,25,0,free,model,scripted
231,adaptive,11,6,D,C,5,0,30,0,free,model,scripted
231,adaptive,11,7,D,D,1,1,31,1,free,model,scripted
231,adaptive,11,8,D,D,1,1,32,2,free,model,scripted
231,adaptive,11,9,D,D,1,1,33,3,free,model,scripted
231,adaptive,11,10,D,D,1,1,34,4,free,model,scripted
231,adaptive,11,11,D,D,1,1,35,5,free,model,scripted
231,adaptive,11,12,D,D,1,1,36,6,free,model,scripted
231,adaptive,11,13,D,D,1,1,37,7,free,model,scripted
231,adaptive,11,14,D,D,1,1,38,8,free,model,scripted
231,adaptive,11,15,D,D,1,1,39,9,free,model,scripted
231,adaptive,11,16,D,D,1,1,40,10,free,model,scripted
231,adaptive,11,17,D,D,1,1,41,11,free,model,scripted
231,adaptive,11,18,D,D,1,1,42,12,free,model,scripted
231,adaptive,11,19,D,D,1,1,43,13,free,model,scripted
231,adaptive,11,20,D,D,1,1,44,14,free,model,scripted
232,adaptive,12,1,D,C,5,0,5,0,free,model,scripted
232,adaptive,12,2,D,C,5,0,10,0,free,model,scripted
232,adaptive,12,3,D,C,5,0,15,0,free,model,scripted
232,adaptive,12,4,D,C,5,0,20,0,free,model,scripted
232,adaptive,12,5,D,C,5,0,25,0,free,model,scripted
232,adaptive,12,6,D,C,5,0,30,0,free,model,scripted
232,adaptive,12,7,D,D,1,1,31,1,free,model,scripted
232,adaptive,12,8,D,D,1,1,32,2,free,model,scripted
232,adaptive,12,9,D,D,1,1,33,3,free,model,scripted
232,adaptive,12,10,D,D,1,1,34,4,free,model,scripted
232,adaptive,12,11,D,D,1,1,35,5,free,model,scripted
232,adaptive,12,12,D,D,1,1,36,6,free,model,scripted
232,adaptive,12,13,D,D,1,1,37,7,free,model,scripted
232,adaptive,12,14,D,D,1,1,38,8,free,model,scripted
232,adaptive,12,15,D,D,1,1,39,9,free,model,scripted
232,adaptive,12,16,D,D,1,1,40,10,free,model,scripted
232,adaptive,12,17,D,D,1,1,41,11,free,model,scripted
232,adaptive,12,18,D,D,1,1,42,12,free,model,scripted
232,adaptive,12,19,D,D,1,1,43,13,free,model,scripted
232,adaptive,12,20,D,D,1,1,44,14,free,model,scripted
233,adaptive,13,1,D,C,5,0,5,0,free,model,scripted
233,adaptive,13,2,D,C,5,0,10,0,free,model,scripted
233,adaptive,13,3,D,C,5,0,15,0,free,model,scripted
233,adaptive,13,4,D,C,5,0,20,0,free,model,scripted
233,adaptive,13,5,D,C,5,0,25,0,free,model,scripted
233,adaptive,13,6,D,C,5,0,30,0,free,model,scripted
233,adaptive,13,7,D,D,1,1,31,1,free,model,scripted
233,adaptive,13,8,D,D,1,1,32,2,free,model,scripted
233,adaptive,13,9,D,D,1,1,33,3,free,model,scripted
233,adaptive,13,10,D,D,1,1,34,4,free,model,scripted
233,adaptive,13,11,D,D,1,1,35,5,free,model,scripted
233,adaptive,13,12,D,D,1,1,36,6,free,model,scripted
233,adaptive,13,13,D,D,1,1,37,7,free,model,scripted
233,adaptive,13,14,D,D,1,1,38,8,free,model,scripted
233,adaptive,13,15,D,D,1,1,39,9,free,model,scripted
233,adaptive,13,16,D,D,1,1,40,10,free,model,scripted
233,adaptive,13,17,D,D,1,1,41,11,free,model,scripted
233,adaptive,13,18,D,D,1,1,42,12,free,model,scripted
233,adaptive,13,19,D,D,1,1,43,13,free,model,scripted
233,adaptive,13,20,D,D,1,1,44,14,free,model,scripted
234,adaptive,14,1,C,C,3,3,3,3,free,model,scripted
234,adaptive,14,2,C,C,3,3,6,6,free,model,scripted
234,adaptive,14,3,C,C,3,3,9,9,free,model,scripted
234,adaptive,14,4,C,C,3,3,12,12,free,model,scripted
234,adaptive,14,5,C,C,3,3,15,15,free,model,scripted
234,adaptive,14,6,C,C,3,3,18,18,free,model,scripted
234,adaptive,14,7,C,D,0,5,18,23,free,model,scripted
234,adaptive,14,8,D,D,1,1,19,24,free,model,scripted
234,adaptive,14,9,D,D,1,1,20,25,free,model,scripted
234,adaptive,14,10,D,D,1,1,21,26,free,model,scripted
234,adaptive,14,11,D,D,1,1,22,27,free,model,scripted
234,adaptive,14,12,D,C,5,0,27,27,free,model,scripted
234,adaptive,14,13,D,C,5,0,32,27,free,model,scripted
234,adaptive,14,14,D,C,5,0,37,27,free,model,scripted
234,adaptive,14,15,D,C,5,0,42,27,free,model,scripted
234,adaptive,14,16,D,C,5,0,47,27,free,model,scripted
234,adaptive,14,17,D,C,5,0,52,27,free,model,scripted
234,adaptive,14,18,D,C,5,0,57,27,free,model,scripted
234,adaptive,14,19,D,C,5,0,62,27,free,model,scripted
234,adaptive,14,20,D,C,5,0,67,27,free,model,scripted
235,adaptive,15,1,D,C,5,0,5,0,free,model,scripted
235,adaptive,15,2,D,C,5,0,10,0,free,model,scripted
235,adaptive,15,3,D,C,5,0,15,0,free,model,scripted
235,adaptive,15,4,D,C,5,0,20,0,free,model,scripted
235,adaptive,15,5,D,C,5,0,25,0,free,model,scripted
235,adaptive,15,6,D,C,5,0,30,0,free,model,scripted
235,adaptive,15,7,D,D,1,1,31,1,free,model,scripted
235,adaptive,15,8,D,D,1,1,32,2,free,model,scripted
235,adaptive,15,9,D,D,1,1,33,3,free,model,scripted
235,adaptive,15,10,D,D,1,1,34,4,free,model,scripted
235,adaptive,15,11,D,D,1,1,35,5,free,model,scripted
235,adaptive,15,12,D,D,1,1,36,6,free,model,scripted
235,adaptive,15,13,D,D,1,1,37,7,free,model,scripted
235,adaptive,15,14,D,D,1,1,38,8,free,model,scripted
235,adaptive,15,15,D,D,1,1,39,9,free,model,scripted
235,adaptive,15,16,D,D,1,1,40,10,free,model,scripted
235,adaptive,15,17,D,D,1,1,41,11,free,model,scripted
235,adaptive,15,18,D,D,1,1,42,12,free,model,scripted
235,adaptive,15,19,D,D,1,1,43,13,free,model,scripted
235,adaptive,15,20,D,D,1,1,44,14,free,model,scripted
236,adaptive,16,1,D,C,5,0,5,0,free,model,scripted
236,adaptive,16,2,D,C,5,0,10,0,free,model,scripted
236,adaptive,16,3,D,C,5,0,15,0,free,model,scripted
236,adaptive,16,4,D,C,5,0,20,0,free,model,scripted
236,adaptive,16,5,D,C,5,0,25,0,free,model,scripted
236,adaptive,16,6,D,C,5,0,30,0,free,model,scripted
236,adaptive,16,7,D,D,1,1,31,1,free,model,scripted
236,adaptive,16,8,D,D,1,1,32,2,free,model,scripted
236,adaptive,16,9,D,D,1,1,33,3,free,model,scripted
236,adaptive,16,10,D,D,1,1,34,4,free,model,scripted
236,adaptive,16,11,D,D,1,1,35,5,free,model,scripted
236,adaptive,16,12,D,D,1,1,36,6,free,model,scripted
236,adaptive,16,13,D,D,1,1,37,7,free,model,scripted
236,adaptive,16,14,D,D,1,1,38,8,free,model,scripted
236,adaptive,16,15,D,D,1,1,39,9,free,model,scripted
236,adaptive,16,16,D,D,1,1,40,10,free,model,scripted
236,adaptive,16,17,D,D,1,1,41,11,free,model,scripted
236,adaptive,16,18,D,D,1,1,42,12,free,model,scripted
236,adaptive,16,19,D,D,1,1,43,13,free,model,scripted
236,adaptive,16,20,D,D,1,1,44,14,free,model,scripted
237,adaptive,17,1,C,C,3,3,3,3,free,model,scripted
237,adaptive,17,2,C,C,3,3,6,6,free,model,scripted
237,adaptive,17,3,C,C,3,3,9,9,free,model,scripted
237,adaptive,17,4,C,C,3,3,12,12,free,model,scripted
237,adaptive,17,5,C,C,3,3,15,15,free,model,scripted
237,adaptive,17,6,C,C,3,3,18,18,free,model,scripted
237,adaptive,17,7,C,D,0,5,18,23,free,model,scripted
237,adaptive,17,8,D,D,1,1,19,24,free,model,scripted
237,adaptive,17,9,D,D,1,1,20,25,free,model,scripted
237,adaptive,17,10,D,D,1,1,21,26,free,model,scripted
237,adaptive,17,11,D,D,1,1,22,27,free,model,scripted
237,adaptive,17,12,D,C,5,0,27,27,free,model,scripted
237,adaptive,17,13,D,C,5,0,32,27,free,model,scripted
237,adaptive,17,14,D,C,5,0,37,27,free,model,scripted
237,adaptive,17,15,D,C,5,0,42,27,free,model,scripted
237,adaptive,17,16,D,C,5,0,47,27,free,model,scripted
237,adaptive,17,17,D,C,5,0,52,27,free,model,scripted
237,adaptive,17,18,D,C,5,0,57,27,free,model,scripted
237,adaptive,17,19,D,C,5,0,62,27,free,model,scripted
237,adaptive,17,20,D,C,5,0,67,27,free,model,scripted
238,adaptive,18,1,C,C,3,3,3,3,free,model,scripted
238,adaptive,18,2,C,C,3,3,6,6,free,model,scripted
238,adaptive,18,3,C,C,3,3,9,9,free,model,scripted
238,adaptive,18,4,C,C,3,3,12,12,free,model,scripted
238,adaptive,18,5,C,C,3,3,15,15,free,model,scripted
238,adaptive,18,6,C,C,3,3,18,18,free,model,scripted
238,adaptive,18,7,C,D,0,5,18,23,free,model,scripted
238,adaptive,18,8,D,D,1,1,19,24,free,model,scripted
238,adaptive,18,9,D,D,1,1,20,25,free,model,scripted
238,adaptive,18,10,D,D,1,1,21,26,free,model,scripted
238,adaptive,18,11,D,D,1,1,22,27,free,model,scripted
238,adaptive,18,12,D,C,5,0,27,27,free,model,scripted
238,adaptive,18,13,D,C,5,0,32,27,free,model,scripted
238,adaptive,18,14,D,C,5,0,37,27,free,model,scripted
238,adaptive,18,15,D,C,5,0,42,27,free,model,scripted
238,adaptive,18,16,D,C,5,0,47,27,free,model,scripted
238,adaptive,18,17,D,C,5,0,52,27,free,model,scripted
238,adaptive,18,18,D,C,5,0,57,27,free,model,scripted
238,adaptive,18,19,D,C,5,0,62,27,free,model,scripted
238,adaptive,18,20,D,C,5,0,67,27,free,model,scripted
239,adaptive,19,1,D,C,5,0,5,0,free,model,scripted
239,adaptive,19,2,D,C,5,0,10,0,free,model,scripted
239,adaptive,19,3,D,C,5,0,15,0,free,model,scripted
239,adaptive,19,4,D,C,5,0,20,0,free,model,scripted
239,adaptive,19,5,D,C,5,0,25,0,free,model,scripted
239,adaptive,19,6,D,C,5,0,30,0,free,model,scripted
239,adaptive,19,7,D,D,1,1,31,1,free,model,scripted
239,adaptive,19,8,D,D,1,1,32,2,free,model,scripted
239,adaptive,19,9,D,D,1,1,33,3,free,model,scripted
239,adaptive,19,10,D,D,1,1,34,4,free,model,scripted
239,adaptive,19,11,D,D,1,1,35,5,free,model,scripted
239,adaptive,19,12,D,D,1,1,36,6,free,model,scripted
239,adaptive,19,13,D,D,1,1,37,7,free,model,scripted
239,adaptive,19,14,D,D,1,1,38,8,free,model,scripted
239,adaptive,19,15,D,D,1,1,39,9,free,model,scripted
239,adaptive,19,16,D,D,1,1,40,10,free,model,scripted
239,adaptive,19,17,D,D,1,1,41,11,free,model,scripted
239,adaptive,19,18,D,D,1,1,42,12,free,model,scripted
239,adaptive,19,19,D,D,1,1,43,13,free,model,scripted
239,adaptive,19,20,D,D,1,1,44,14,free,model,scripted
240,adaptive,20,1,D,C,5,0,5,0,free,model,scripted
240,adaptive,20,2,D,C,5,0,10,0,free,model,scripted
240,adaptive,20,3,D,C,5,0,15,0,free,model,scripted
240,adaptive,20,4,D,C,5,0,20,0,free,model,scripted
240,adaptive,20,5,D,C,5,0,25,0,free,model,scripted
240,adaptive,20,6,D,C,5,0,30,0,free,model,scripted
240,adaptive,20,7,D,D,1,1,31,1,free,model,scripted
240,adaptive,20,8,D,D,1,1,32,2,free,model,scripted
240,adaptive,20,9,D,D,1,1,33,3,free,model,scripted
240,adaptive,20,10,D,D,1,1,34,4,free,model,scripted
240,adaptive,20,11,D,D,1,1,35,5,free,model,scripted
240,adaptive,20,12,D,D,1,1,36,6,free,model,scripted
240,adaptive,20,13,D,D,1,1,37,7,free,model,scripted
240,adaptive,20,14,D,D,1,1,38,8,free,model,scripted
240,adaptive,20,15,D,D,1,1,39,9,free,model,scripted
240,adaptive,20,16,D,D,1,1,40,10,free,model,scripted
240,adaptive,20,17,D,D,1,1,41,11,free,model,scripted
240,adaptive,20,18,D,D,1,1,42,12,free,model,scripted
240,adaptive,20,19,D,D,1,1,43,13,free,model,scripted
240,adaptive,20,20,D,D,1,1,44,14,free,model,scripted
